Project Name,Package Name,Type Name,MethodName,LOC,CC,PC
eclipse.pde.ui-20070413_perf32x,org.eclipse.pde.internal.ui.tests.macro,AbstractStructuredCommand,AbstractStructuredCommand,4,1,1
eclipse.pde.ui-20070413_perf32x,org.eclipse.pde.internal.ui.tests.macro,AbstractStructuredCommand,mergeEvent,5,1,1
eclipse.pde.ui-20070413_perf32x,org.eclipse.pde.internal.ui.tests.macro,AbstractStructuredCommand,getItemsForEvent,7,4,1
eclipse.pde.ui-20070413_perf32x,org.eclipse.pde.internal.ui.tests.macro,AbstractStructuredCommand,processEvent,9,4,1
eclipse.pde.ui-20070413_perf32x,org.eclipse.pde.internal.ui.tests.macro,AbstractStructuredCommand,getItemId,8,3,1
eclipse.pde.ui-20070413_perf32x,org.eclipse.pde.internal.ui.tests.macro,AbstractStructuredCommand,load,11,4,2
eclipse.pde.ui-20070413_perf32x,org.eclipse.pde.internal.ui.tests.macro,AbstractStructuredCommand,writeAdditionalAttributes,2,1,1
eclipse.pde.ui-20070413_perf32x,org.eclipse.pde.internal.ui.tests.macro,AbstractStructuredCommand,write,20,2,2
eclipse.pde.ui-20070413_perf32x,org.eclipse.pde.internal.ui.tests.macro,AbstractStructuredCommand,playTreeCommand,0,1,2
eclipse.pde.ui-20070413_perf32x,org.eclipse.pde.internal.ui.tests.macro,AbstractStructuredCommand,playTableCommand,0,1,2
eclipse.pde.ui-20070413_perf32x,org.eclipse.pde.internal.ui.tests.macro,AbstractStructuredCommand,playTableTreeCommand,0,1,2
eclipse.pde.ui-20070413_perf32x,org.eclipse.pde.internal.ui.tests.macro,AbstractStructuredCommand,playback,21,6,3
eclipse.pde.ui-20070413_perf32x,org.eclipse.pde.internal.ui.tests.macro,AbstractStructuredCommand,findMatches,10,3,1
eclipse.pde.ui-20070413_perf32x,org.eclipse.pde.internal.ui.tests.macro,AbstractStructuredCommand,findMatches,10,3,1
eclipse.pde.ui-20070413_perf32x,org.eclipse.pde.internal.ui.tests.macro,AbstractStructuredCommand,findMatches,10,3,1
eclipse.pde.ui-20070413_perf32x,org.eclipse.pde.internal.ui.tests.macro,AbstractStructuredCommand,findTreeItem,13,5,2
eclipse.pde.ui-20070413_perf32x,org.eclipse.pde.internal.ui.tests.macro,AbstractStructuredCommand,findTableItem,8,3,2
eclipse.pde.ui-20070413_perf32x,org.eclipse.pde.internal.ui.tests.macro,AbstractStructuredCommand,findTableTreeItem,13,5,2
eclipse.pde.ui-20070413_perf32x,org.eclipse.pde.internal.ui.tests.macro,BooleanSelectionCommand,BooleanSelectionCommand,3,1,1
eclipse.pde.ui-20070413_perf32x,org.eclipse.pde.internal.ui.tests.macro,BooleanSelectionCommand,getType,3,1,0
eclipse.pde.ui-20070413_perf32x,org.eclipse.pde.internal.ui.tests.macro,BooleanSelectionCommand,processEvent,6,2,1
eclipse.pde.ui-20070413_perf32x,org.eclipse.pde.internal.ui.tests.macro,BooleanSelectionCommand,getSelection,7,5,1
eclipse.pde.ui-20070413_perf32x,org.eclipse.pde.internal.ui.tests.macro,BooleanSelectionCommand,getPath,15,4,1
eclipse.pde.ui-20070413_perf32x,org.eclipse.pde.internal.ui.tests.macro,BooleanSelectionCommand,load,15,5,2
eclipse.pde.ui-20070413_perf32x,org.eclipse.pde.internal.ui.tests.macro,BooleanSelectionCommand,write,28,4,2
eclipse.pde.ui-20070413_perf32x,org.eclipse.pde.internal.ui.tests.macro,BooleanSelectionCommand,playback,11,4,3
eclipse.pde.ui-20070413_perf32x,org.eclipse.pde.internal.ui.tests.macro,BooleanSelectionCommand,doClick,6,1,1
eclipse.pde.ui-20070413_perf32x,org.eclipse.pde.internal.ui.tests.macro,BooleanSelectionCommand,createMouseEvent,7,1,2
eclipse.pde.ui-20070413_perf32x,org.eclipse.pde.internal.ui.tests.macro,BooleanSelectionCommand,doSelect,5,4,1
eclipse.pde.ui-20070413_perf32x,org.eclipse.pde.internal.ui.tests.macro,CheckCommand,CheckCommand,3,1,1
eclipse.pde.ui-20070413_perf32x,org.eclipse.pde.internal.ui.tests.macro,CheckCommand,getType,3,1,0
eclipse.pde.ui-20070413_perf32x,org.eclipse.pde.internal.ui.tests.macro,CheckCommand,processEvent,7,4,1
eclipse.pde.ui-20070413_perf32x,org.eclipse.pde.internal.ui.tests.macro,CheckCommand,playTreeCommand,5,2,2
eclipse.pde.ui-20070413_perf32x,org.eclipse.pde.internal.ui.tests.macro,CheckCommand,playTableCommand,5,2,2
eclipse.pde.ui-20070413_perf32x,org.eclipse.pde.internal.ui.tests.macro,CheckCommand,playTableTreeCommand,5,2,2
eclipse.pde.ui-20070413_perf32x,org.eclipse.pde.internal.ui.tests.macro,ChoiceSelectionCommand,ChoiceSelectionCommand,3,1,1
eclipse.pde.ui-20070413_perf32x,org.eclipse.pde.internal.ui.tests.macro,ChoiceSelectionCommand,getType,3,1,0
eclipse.pde.ui-20070413_perf32x,org.eclipse.pde.internal.ui.tests.macro,ChoiceSelectionCommand,processEvent,3,1,1
eclipse.pde.ui-20070413_perf32x,org.eclipse.pde.internal.ui.tests.macro,ChoiceSelectionCommand,computeChoiceId,26,6,2
eclipse.pde.ui-20070413_perf32x,org.eclipse.pde.internal.ui.tests.macro,ChoiceSelectionCommand,getPositionId,3,1,1
eclipse.pde.ui-20070413_perf32x,org.eclipse.pde.internal.ui.tests.macro,ChoiceSelectionCommand,load,4,1,2
eclipse.pde.ui-20070413_perf32x,org.eclipse.pde.internal.ui.tests.macro,ChoiceSelectionCommand,write,16,2,2
eclipse.pde.ui-20070413_perf32x,org.eclipse.pde.internal.ui.tests.macro,ChoiceSelectionCommand,playback,11,6,3
eclipse.pde.ui-20070413_perf32x,org.eclipse.pde.internal.ui.tests.macro,ChoiceSelectionCommand,doSelect,11,3,1
eclipse.pde.ui-20070413_perf32x,org.eclipse.pde.internal.ui.tests.macro,ChoiceSelectionCommand,doSelect,11,3,1
eclipse.pde.ui-20070413_perf32x,org.eclipse.pde.internal.ui.tests.macro,ChoiceSelectionCommand,doSelect,4,2,1
eclipse.pde.ui-20070413_perf32x,org.eclipse.pde.internal.ui.tests.macro,ChoiceSelectionCommand,doSelect,4,2,1
eclipse.pde.ui-20070413_perf32x,org.eclipse.pde.internal.ui.tests.macro,ChoiceSelectionCommand,getIndexFromChoice,10,2,0
eclipse.pde.ui-20070413_perf32x,org.eclipse.pde.internal.ui.tests.macro,CommandTarget,CommandTarget,4,1,2
eclipse.pde.ui-20070413_perf32x,org.eclipse.pde.internal.ui.tests.macro,CommandTarget,ensureVisible,2,1,0
eclipse.pde.ui-20070413_perf32x,org.eclipse.pde.internal.ui.tests.macro,CommandTarget,getWidget,3,1,0
eclipse.pde.ui-20070413_perf32x,org.eclipse.pde.internal.ui.tests.macro,CommandTarget,getContext,3,1,0
eclipse.pde.ui-20070413_perf32x,org.eclipse.pde.internal.ui.tests.macro,CommandTarget,setFocus,8,3,0
eclipse.pde.ui-20070413_perf32x,org.eclipse.pde.internal.ui.tests.macro,EditorCommandTarget,EditorCommandTarget,3,1,2
eclipse.pde.ui-20070413_perf32x,org.eclipse.pde.internal.ui.tests.macro,EditorCommandTarget,getEditor,3,1,0
eclipse.pde.ui-20070413_perf32x,org.eclipse.pde.internal.ui.tests.macro,EditorCommandTarget,ensureVisible,5,1,0
eclipse.pde.ui-20070413_perf32x,org.eclipse.pde.internal.ui.tests.macro,ExpansionCommand,ExpansionCommand,3,1,1
eclipse.pde.ui-20070413_perf32x,org.eclipse.pde.internal.ui.tests.macro,ExpansionCommand,processEvent,6,3,1
eclipse.pde.ui-20070413_perf32x,org.eclipse.pde.internal.ui.tests.macro,ExpansionCommand,playTreeCommand,6,2,2
eclipse.pde.ui-20070413_perf32x,org.eclipse.pde.internal.ui.tests.macro,ExpansionCommand,fireEvent,7,1,2
eclipse.pde.ui-20070413_perf32x,org.eclipse.pde.internal.ui.tests.macro,ExpansionCommand,playTableCommand,2,1,2
eclipse.pde.ui-20070413_perf32x,org.eclipse.pde.internal.ui.tests.macro,ExpansionCommand,playTableTreeCommand,6,2,2
eclipse.pde.ui-20070413_perf32x,org.eclipse.pde.internal.ui.tests.macro,ExpansionCommand,getType,3,1,0
eclipse.pde.ui-20070413_perf32x,org.eclipse.pde.internal.ui.tests.macro,FocusCommand,FocusCommand,3,1,1
eclipse.pde.ui-20070413_perf32x,org.eclipse.pde.internal.ui.tests.macro,FocusCommand,mergeEvent,3,1,1
eclipse.pde.ui-20070413_perf32x,org.eclipse.pde.internal.ui.tests.macro,FocusCommand,getType,3,1,0
eclipse.pde.ui-20070413_perf32x,org.eclipse.pde.internal.ui.tests.macro,FocusCommand,processEvent,2,1,1
eclipse.pde.ui-20070413_perf32x,org.eclipse.pde.internal.ui.tests.macro,FocusCommand,write,11,1,2
eclipse.pde.ui-20070413_perf32x,org.eclipse.pde.internal.ui.tests.macro,FocusCommand,playback,6,3,3
eclipse.pde.ui-20070413_perf32x,org.eclipse.pde.internal.ui.tests.macro,IIndexHandler,processIndex,0,1,2
eclipse.pde.ui-20070413_perf32x,org.eclipse.pde.internal.ui.tests.macro,IPlayable,playback,0,1,3
eclipse.pde.ui-20070413_perf32x,org.eclipse.pde.internal.ui.tests.macro,IRecorderListener,recordingStarted,0,1,0
eclipse.pde.ui-20070413_perf32x,org.eclipse.pde.internal.ui.tests.macro,IRecorderListener,recordingStopped,0,1,0
eclipse.pde.ui-20070413_perf32x,org.eclipse.pde.internal.ui.tests.macro,IRecorderListener,recordingInterrupted,0,1,1
eclipse.pde.ui-20070413_perf32x,org.eclipse.pde.internal.ui.tests.macro,IWidgetResolver,getUniqueId,0,1,1
eclipse.pde.ui-20070413_perf32x,org.eclipse.pde.internal.ui.tests.macro,IWritable,write,0,1,2
eclipse.pde.ui-20070413_perf32x,org.eclipse.pde.internal.ui.tests.macro,KeyCommand,KeyCommand,4,1,2
eclipse.pde.ui-20070413_perf32x,org.eclipse.pde.internal.ui.tests.macro,KeyCommand,getType,3,1,0
eclipse.pde.ui-20070413_perf32x,org.eclipse.pde.internal.ui.tests.macro,KeyCommand,processEvent,2,1,1
eclipse.pde.ui-20070413_perf32x,org.eclipse.pde.internal.ui.tests.macro,KeyCommand,write,12,1,2
eclipse.pde.ui-20070413_perf32x,org.eclipse.pde.internal.ui.tests.macro,KeyCommand,playback,19,3,3
eclipse.pde.ui-20070413_perf32x,org.eclipse.pde.internal.ui.tests.macro,Macro,Macro,3,1,0
eclipse.pde.ui-20070413_perf32x,org.eclipse.pde.internal.ui.tests.macro,Macro,Macro,4,1,1
eclipse.pde.ui-20070413_perf32x,org.eclipse.pde.internal.ui.tests.macro,Macro,addShell,6,1,2
eclipse.pde.ui-20070413_perf32x,org.eclipse.pde.internal.ui.tests.macro,Macro,initializeForRecording,8,1,1
eclipse.pde.ui-20070413_perf32x,org.eclipse.pde.internal.ui.tests.macro,Macro,createCommandShell,5,2,1
eclipse.pde.ui-20070413_perf32x,org.eclipse.pde.internal.ui.tests.macro,Macro,isCurrent,5,2,1
eclipse.pde.ui-20070413_perf32x,org.eclipse.pde.internal.ui.tests.macro,Macro,stopRecording,3,1,0
eclipse.pde.ui-20070413_perf32x,org.eclipse.pde.internal.ui.tests.macro,Macro,addEvent,23,7,1
eclipse.pde.ui-20070413_perf32x,org.eclipse.pde.internal.ui.tests.macro,Macro,isIgnorableEvent,8,3,1
eclipse.pde.ui-20070413_perf32x,org.eclipse.pde.internal.ui.tests.macro,Macro,addPause,3,1,0
eclipse.pde.ui-20070413_perf32x,org.eclipse.pde.internal.ui.tests.macro,Macro,addIndex,3,1,1
eclipse.pde.ui-20070413_perf32x,org.eclipse.pde.internal.ui.tests.macro,Macro,getTopShell,4,2,0
eclipse.pde.ui-20070413_perf32x,org.eclipse.pde.internal.ui.tests.macro,Macro,activateShell,19,5,1
eclipse.pde.ui-20070413_perf32x,org.eclipse.pde.internal.ui.tests.macro,Macro,popStack,5,2,0
eclipse.pde.ui-20070413_perf32x,org.eclipse.pde.internal.ui.tests.macro,Macro,closeShell,6,3,1
eclipse.pde.ui-20070413_perf32x,org.eclipse.pde.internal.ui.tests.macro,Macro,updateStack,7,3,0
eclipse.pde.ui-20070413_perf32x,org.eclipse.pde.internal.ui.tests.macro,Macro,closeSecondaryShells,2,1,0
eclipse.pde.ui-20070413_perf32x,org.eclipse.pde.internal.ui.tests.macro,Macro,getExistingIndices,8,2,0
eclipse.pde.ui-20070413_perf32x,org.eclipse.pde.internal.ui.tests.macro,Macro,playback,25,3,3
eclipse.pde.ui-20070413_perf32x,org.eclipse.pde.internal.ui.tests.macro,Macro,run,3,1,0
eclipse.pde.ui-20070413_perf32x,org.eclipse.pde.internal.ui.tests.macro,Macro,reset,3,1,0
eclipse.pde.ui-20070413_perf32x,org.eclipse.pde.internal.ui.tests.macro,Macro,write,12,2,2
eclipse.pde.ui-20070413_perf32x,org.eclipse.pde.internal.ui.tests.macro,Macro,getIndexHandler,3,1,0
eclipse.pde.ui-20070413_perf32x,org.eclipse.pde.internal.ui.tests.macro,Macro,setIndexHandler,3,1,1
eclipse.pde.ui-20070413_perf32x,org.eclipse.pde.internal.ui.tests.macro,Macro,getName,3,1,0
eclipse.pde.ui-20070413_perf32x,org.eclipse.pde.internal.ui.tests.macro,MacroCommand,MacroCommand,3,1,1
eclipse.pde.ui-20070413_perf32x,org.eclipse.pde.internal.ui.tests.macro,MacroCommand,getType,0,1,0
eclipse.pde.ui-20070413_perf32x,org.eclipse.pde.internal.ui.tests.macro,MacroCommand,processEvent,0,1,1
eclipse.pde.ui-20070413_perf32x,org.eclipse.pde.internal.ui.tests.macro,MacroCommand,load,6,2,2
eclipse.pde.ui-20070413_perf32x,org.eclipse.pde.internal.ui.tests.macro,MacroCommand,bindSourceLocation,8,2,2
eclipse.pde.ui-20070413_perf32x,org.eclipse.pde.internal.ui.tests.macro,MacroCommand,getStartLine,4,2,0
eclipse.pde.ui-20070413_perf32x,org.eclipse.pde.internal.ui.tests.macro,MacroCommand,getStopLine,4,2,0
eclipse.pde.ui-20070413_perf32x,org.eclipse.pde.internal.ui.tests.macro,MacroCommand,mergeEvent,3,1,1
eclipse.pde.ui-20070413_perf32x,org.eclipse.pde.internal.ui.tests.macro,MacroCommand,getWidgetId,3,1,0
eclipse.pde.ui-20070413_perf32x,org.eclipse.pde.internal.ui.tests.macro,MacroCommand,toString,3,1,0
eclipse.pde.ui-20070413_perf32x,org.eclipse.pde.internal.ui.tests.macro,MacroCommandShell,NestedShell,5,1,3
eclipse.pde.ui-20070413_perf32x,org.eclipse.pde.internal.ui.tests.macro,MacroCommandShell,handleEvent,13,3,1
eclipse.pde.ui-20070413_perf32x,org.eclipse.pde.internal.ui.tests.macro,MacroCommandShell,getResult,3,1,0
eclipse.pde.ui-20070413_perf32x,org.eclipse.pde.internal.ui.tests.macro,MacroCommandShell,isReleased,3,1,0
eclipse.pde.ui-20070413_perf32x,org.eclipse.pde.internal.ui.tests.macro,MacroCommandShell,run,9,2,0
eclipse.pde.ui-20070413_perf32x,org.eclipse.pde.internal.ui.tests.macro,MacroCommandShell,getException,3,1,0
eclipse.pde.ui-20070413_perf32x,org.eclipse.pde.internal.ui.tests.macro,MacroCommandShell,MacroCommandShell,3,1,0
eclipse.pde.ui-20070413_perf32x,org.eclipse.pde.internal.ui.tests.macro,MacroCommandShell,MacroCommandShell,6,1,2
eclipse.pde.ui-20070413_perf32x,org.eclipse.pde.internal.ui.tests.macro,MacroCommandShell,hookWindow,11,3,1
eclipse.pde.ui-20070413_perf32x,org.eclipse.pde.internal.ui.tests.macro,MacroCommandShell,run,3,1,0
eclipse.pde.ui-20070413_perf32x,org.eclipse.pde.internal.ui.tests.macro,MacroCommandShell,doHookWindow,4,2,0
eclipse.pde.ui-20070413_perf32x,org.eclipse.pde.internal.ui.tests.macro,MacroCommandShell,load,21,7,2
eclipse.pde.ui-20070413_perf32x,org.eclipse.pde.internal.ui.tests.macro,MacroCommandShell,processCommand,20,11,2
eclipse.pde.ui-20070413_perf32x,org.eclipse.pde.internal.ui.tests.macro,MacroCommandShell,processShell,5,1,2
eclipse.pde.ui-20070413_perf32x,org.eclipse.pde.internal.ui.tests.macro,MacroCommandShell,processIndex,5,1,2
eclipse.pde.ui-20070413_perf32x,org.eclipse.pde.internal.ui.tests.macro,MacroCommandShell,addCommandShell,3,1,1
eclipse.pde.ui-20070413_perf32x,org.eclipse.pde.internal.ui.tests.macro,MacroCommandShell,write,15,3,2
eclipse.pde.ui-20070413_perf32x,org.eclipse.pde.internal.ui.tests.macro,MacroCommandShell,addEvent,15,5,1
eclipse.pde.ui-20070413_perf32x,org.eclipse.pde.internal.ui.tests.macro,MacroCommandShell,addPause,5,2,0
eclipse.pde.ui-20070413_perf32x,org.eclipse.pde.internal.ui.tests.macro,MacroCommandShell,addIndex,3,1,1
eclipse.pde.ui-20070413_perf32x,org.eclipse.pde.internal.ui.tests.macro,MacroCommandShell,extractExpectedReturnCode,3,2,0
eclipse.pde.ui-20070413_perf32x,org.eclipse.pde.internal.ui.tests.macro,MacroCommandShell,matchesReturnCode,6,2,0
eclipse.pde.ui-20070413_perf32x,org.eclipse.pde.internal.ui.tests.macro,MacroCommandShell,isFocusCommand,3,1,1
eclipse.pde.ui-20070413_perf32x,org.eclipse.pde.internal.ui.tests.macro,MacroCommandShell,createCommand,29,12,1
eclipse.pde.ui-20070413_perf32x,org.eclipse.pde.internal.ui.tests.macro,MacroCommandShell,isEditable,10,6,1
eclipse.pde.ui-20070413_perf32x,org.eclipse.pde.internal.ui.tests.macro,MacroCommandShell,createSelectionCommand,16,8,2
eclipse.pde.ui-20070413_perf32x,org.eclipse.pde.internal.ui.tests.macro,MacroCommandShell,findKeyBinding,16,5,2
eclipse.pde.ui-20070413_perf32x,org.eclipse.pde.internal.ui.tests.macro,MacroCommandShell,getLastCommand,7,3,0
eclipse.pde.ui-20070413_perf32x,org.eclipse.pde.internal.ui.tests.macro,MacroCommandShell,isDisposed,3,1,0
eclipse.pde.ui-20070413_perf32x,org.eclipse.pde.internal.ui.tests.macro,MacroCommandShell,close,3,2,0
eclipse.pde.ui-20070413_perf32x,org.eclipse.pde.internal.ui.tests.macro,MacroCommandShell,tracks,4,2,1
eclipse.pde.ui-20070413_perf32x,org.eclipse.pde.internal.ui.tests.macro,MacroCommandShell,playback,60,13,3
eclipse.pde.ui-20070413_perf32x,org.eclipse.pde.internal.ui.tests.macro,MacroCommandShell,run,3,1,0
eclipse.pde.ui-20070413_perf32x,org.eclipse.pde.internal.ui.tests.macro,MacroCommandShell,run,3,1,0
eclipse.pde.ui-20070413_perf32x,org.eclipse.pde.internal.ui.tests.macro,MacroCommandShell,addExistingIndices,11,4,1
eclipse.pde.ui-20070413_perf32x,org.eclipse.pde.internal.ui.tests.macro,MacroCommandShell,playInGUIThread,34,3,4
eclipse.pde.ui-20070413_perf32x,org.eclipse.pde.internal.ui.tests.macro,MacroCommandShell,run,18,1,0
eclipse.pde.ui-20070413_perf32x,org.eclipse.pde.internal.ui.tests.macro,MacroCommandShell,getIndexHandler,3,1,0
eclipse.pde.ui-20070413_perf32x,org.eclipse.pde.internal.ui.tests.macro,MacroCommandShell,setIndexHandler,10,3,1
eclipse.pde.ui-20070413_perf32x,org.eclipse.pde.internal.ui.tests.macro,MacroCommandShell,createPlaybackException,4,1,2
eclipse.pde.ui-20070413_perf32x,org.eclipse.pde.internal.ui.tests.macro,NestedShell,NestedShell,5,1,3
eclipse.pde.ui-20070413_perf32x,org.eclipse.pde.internal.ui.tests.macro,NestedShell,handleEvent,13,3,1
eclipse.pde.ui-20070413_perf32x,org.eclipse.pde.internal.ui.tests.macro,NestedShell,getResult,3,1,0
eclipse.pde.ui-20070413_perf32x,org.eclipse.pde.internal.ui.tests.macro,NestedShell,isReleased,3,1,0
eclipse.pde.ui-20070413_perf32x,org.eclipse.pde.internal.ui.tests.macro,NestedShell,run,9,2,0
eclipse.pde.ui-20070413_perf32x,org.eclipse.pde.internal.ui.tests.macro,NestedShell,getException,3,1,0
eclipse.pde.ui-20070413_perf32x,org.eclipse.pde.internal.ui.tests.macro,MacroIndex,MacroIndex,3,1,0
eclipse.pde.ui-20070413_perf32x,org.eclipse.pde.internal.ui.tests.macro,MacroIndex,MacroIndex,3,1,1
eclipse.pde.ui-20070413_perf32x,org.eclipse.pde.internal.ui.tests.macro,MacroIndex,write,6,1,2
eclipse.pde.ui-20070413_perf32x,org.eclipse.pde.internal.ui.tests.macro,MacroInstruction,MacroInstruction,3,1,1
eclipse.pde.ui-20070413_perf32x,org.eclipse.pde.internal.ui.tests.macro,MacroInstruction,getId,3,1,0
eclipse.pde.ui-20070413_perf32x,org.eclipse.pde.internal.ui.tests.macro,MacroInstruction,load,4,1,2
eclipse.pde.ui-20070413_perf32x,org.eclipse.pde.internal.ui.tests.macro,MacroInstruction,bindSourceLocation,8,2,2
eclipse.pde.ui-20070413_perf32x,org.eclipse.pde.internal.ui.tests.macro,MacroInstruction,getStartLine,4,2,0
eclipse.pde.ui-20070413_perf32x,org.eclipse.pde.internal.ui.tests.macro,MacroInstruction,getStopLine,4,2,0
eclipse.pde.ui-20070413_perf32x,org.eclipse.pde.internal.ui.tests.macro,MacroInstruction,playback,3,1,3
eclipse.pde.ui-20070413_perf32x,org.eclipse.pde.internal.ui.tests.macro,MacroManager,handleEvent,3,1,1
eclipse.pde.ui-20070413_perf32x,org.eclipse.pde.internal.ui.tests.macro,MacroManager,running,3,2,1
eclipse.pde.ui-20070413_perf32x,org.eclipse.pde.internal.ui.tests.macro,MacroManager,done,3,2,1
eclipse.pde.ui-20070413_perf32x,org.eclipse.pde.internal.ui.tests.macro,MacroManager,reset,3,1,0
eclipse.pde.ui-20070413_perf32x,org.eclipse.pde.internal.ui.tests.macro,MacroManager,getState,3,1,0
eclipse.pde.ui-20070413_perf32x,org.eclipse.pde.internal.ui.tests.macro,MacroManager,MacroManager,5,1,0
eclipse.pde.ui-20070413_perf32x,org.eclipse.pde.internal.ui.tests.macro,MacroManager,addRecorderListener,3,2,1
eclipse.pde.ui-20070413_perf32x,org.eclipse.pde.internal.ui.tests.macro,MacroManager,addIndex,5,2,1
eclipse.pde.ui-20070413_perf32x,org.eclipse.pde.internal.ui.tests.macro,MacroManager,removeRecorderListener,3,2,1
eclipse.pde.ui-20070413_perf32x,org.eclipse.pde.internal.ui.tests.macro,MacroManager,isRecording,3,1,0
eclipse.pde.ui-20070413_perf32x,org.eclipse.pde.internal.ui.tests.macro,MacroManager,startRecording,10,2,0
eclipse.pde.ui-20070413_perf32x,org.eclipse.pde.internal.ui.tests.macro,MacroManager,getExistingIndices,6,2,0
eclipse.pde.ui-20070413_perf32x,org.eclipse.pde.internal.ui.tests.macro,MacroManager,stopRecording,12,2,0
eclipse.pde.ui-20070413_perf32x,org.eclipse.pde.internal.ui.tests.macro,MacroManager,hookListeners,13,1,1
eclipse.pde.ui-20070413_perf32x,org.eclipse.pde.internal.ui.tests.macro,MacroManager,unhookListeners,13,1,1
eclipse.pde.ui-20070413_perf32x,org.eclipse.pde.internal.ui.tests.macro,MacroManager,shutdown,8,2,0
eclipse.pde.ui-20070413_perf32x,org.eclipse.pde.internal.ui.tests.macro,MacroManager,play,42,3,4
eclipse.pde.ui-20070413_perf32x,org.eclipse.pde.internal.ui.tests.macro,MacroManager,run,14,1,1
eclipse.pde.ui-20070413_perf32x,org.eclipse.pde.internal.ui.tests.macro,MacroManager,createMacroDocument,22,1,1
eclipse.pde.ui-20070413_perf32x,org.eclipse.pde.internal.ui.tests.macro,MacroManager,getParser,14,2,0
eclipse.pde.ui-20070413_perf32x,org.eclipse.pde.internal.ui.tests.macro,MacroManager,onEvent,23,8,1
eclipse.pde.ui-20070413_perf32x,org.eclipse.pde.internal.ui.tests.macro,MacroManager,notifyInterrupt,6,2,1
eclipse.pde.ui-20070413_perf32x,org.eclipse.pde.internal.ui.tests.macro,MacroManager,resolveWidget,9,4,1
eclipse.pde.ui-20070413_perf32x,org.eclipse.pde.internal.ui.tests.macro,MacroManager,loadWidgetResolvers,15,4,0
eclipse.pde.ui-20070413_perf32x,org.eclipse.pde.internal.ui.tests.macro,MacroManager,getIndexHandler,3,1,0
eclipse.pde.ui-20070413_perf32x,org.eclipse.pde.internal.ui.tests.macro,MacroManager,setIndexHandler,3,1,1
eclipse.pde.ui-20070413_perf32x,org.eclipse.pde.internal.ui.tests.macro,DisplayListener,handleEvent,3,1,1
eclipse.pde.ui-20070413_perf32x,org.eclipse.pde.internal.ui.tests.macro,JobListener,running,3,2,1
eclipse.pde.ui-20070413_perf32x,org.eclipse.pde.internal.ui.tests.macro,JobListener,done,3,2,1
eclipse.pde.ui-20070413_perf32x,org.eclipse.pde.internal.ui.tests.macro,JobListener,reset,3,1,0
eclipse.pde.ui-20070413_perf32x,org.eclipse.pde.internal.ui.tests.macro,JobListener,getState,3,1,0
eclipse.pde.ui-20070413_perf32x,org.eclipse.pde.internal.ui.tests.macro,MacroPlugin,MacroPlugin,5,1,0
eclipse.pde.ui-20070413_perf32x,org.eclipse.pde.internal.ui.tests.macro,MacroPlugin,getMacroManager,3,1,0
eclipse.pde.ui-20070413_perf32x,org.eclipse.pde.internal.ui.tests.macro,MacroPlugin,start,3,1,1
eclipse.pde.ui-20070413_perf32x,org.eclipse.pde.internal.ui.tests.macro,MacroPlugin,stop,4,1,1
eclipse.pde.ui-20070413_perf32x,org.eclipse.pde.internal.ui.tests.macro,MacroPlugin,getDefault,3,1,0
eclipse.pde.ui-20070413_perf32x,org.eclipse.pde.internal.ui.tests.macro,MacroPlugin,logException,3,1,1
eclipse.pde.ui-20070413_perf32x,org.eclipse.pde.internal.ui.tests.macro,MacroPlugin,logException,22,6,3
eclipse.pde.ui-20070413_perf32x,org.eclipse.pde.internal.ui.tests.macro,MacroPlugin,run,3,1,0
eclipse.pde.ui-20070413_perf32x,org.eclipse.pde.internal.ui.tests.macro,MacroUtil,getWidgetIdentifier,30,9,1
eclipse.pde.ui-20070413_perf32x,org.eclipse.pde.internal.ui.tests.macro,MacroUtil,getShellId,11,3,1
eclipse.pde.ui-20070413_perf32x,org.eclipse.pde.internal.ui.tests.macro,MacroUtil,getControlIdentifier,46,10,1
eclipse.pde.ui-20070413_perf32x,org.eclipse.pde.internal.ui.tests.macro,MacroUtil,computeRelativePath,8,2,3
eclipse.pde.ui-20070413_perf32x,org.eclipse.pde.internal.ui.tests.macro,MacroUtil,getControlId,6,2,2
eclipse.pde.ui-20070413_perf32x,org.eclipse.pde.internal.ui.tests.macro,MacroUtil,computeControlToken,19,8,4
eclipse.pde.ui-20070413_perf32x,org.eclipse.pde.internal.ui.tests.macro,MacroUtil,isInputControl,3,1,1
eclipse.pde.ui-20070413_perf32x,org.eclipse.pde.internal.ui.tests.macro,MacroUtil,onMenubar,9,2,1
eclipse.pde.ui-20070413_perf32x,org.eclipse.pde.internal.ui.tests.macro,MacroUtil,onToolbar,22,7,1
eclipse.pde.ui-20070413_perf32x,org.eclipse.pde.internal.ui.tests.macro,MacroUtil,getActionId,10,3,1
eclipse.pde.ui-20070413_perf32x,org.eclipse.pde.internal.ui.tests.macro,MacroUtil,getDisplayName,11,3,1
eclipse.pde.ui-20070413_perf32x,org.eclipse.pde.internal.ui.tests.macro,MacroUtil,getDisplayName,6,2,1
eclipse.pde.ui-20070413_perf32x,org.eclipse.pde.internal.ui.tests.macro,MacroUtil,getDisplayName,7,2,1
eclipse.pde.ui-20070413_perf32x,org.eclipse.pde.internal.ui.tests.macro,MacroUtil,getContribId,10,3,1
eclipse.pde.ui-20070413_perf32x,org.eclipse.pde.internal.ui.tests.macro,MacroUtil,getActionId,10,3,1
eclipse.pde.ui-20070413_perf32x,org.eclipse.pde.internal.ui.tests.macro,MacroUtil,getActionId,10,3,1
eclipse.pde.ui-20070413_perf32x,org.eclipse.pde.internal.ui.tests.macro,MacroUtil,getActionId,24,7,1
eclipse.pde.ui-20070413_perf32x,org.eclipse.pde.internal.ui.tests.macro,MacroUtil,getDefaultValue,3,1,1
eclipse.pde.ui-20070413_perf32x,org.eclipse.pde.internal.ui.tests.macro,MacroUtil,getMenuItem,15,4,2
eclipse.pde.ui-20070413_perf32x,org.eclipse.pde.internal.ui.tests.macro,MacroUtil,getMenuItem,10,3,2
eclipse.pde.ui-20070413_perf32x,org.eclipse.pde.internal.ui.tests.macro,MacroUtil,removeChar,10,2,2
eclipse.pde.ui-20070413_perf32x,org.eclipse.pde.internal.ui.tests.macro,MacroUtil,getAttribute,5,2,2
eclipse.pde.ui-20070413_perf32x,org.eclipse.pde.internal.ui.tests.macro,MacroUtil,getNormalizedText,6,2,1
eclipse.pde.ui-20070413_perf32x,org.eclipse.pde.internal.ui.tests.macro,MacroUtil,getWritableText,27,7,1
eclipse.pde.ui-20070413_perf32x,org.eclipse.pde.internal.ui.tests.macro,MacroUtil,locateCommandTarget,3,1,3
eclipse.pde.ui-20070413_perf32x,org.eclipse.pde.internal.ui.tests.macro,MacroUtil,locateCommandTarget,20,10,4
eclipse.pde.ui-20070413_perf32x,org.eclipse.pde.internal.ui.tests.macro,MacroUtil,locateMenuBarItem,16,3,4
eclipse.pde.ui-20070413_perf32x,org.eclipse.pde.internal.ui.tests.macro,MacroUtil,locateMenuItem,16,5,3
eclipse.pde.ui-20070413_perf32x,org.eclipse.pde.internal.ui.tests.macro,MacroUtil,locateMenuItem,27,8,4
eclipse.pde.ui-20070413_perf32x,org.eclipse.pde.internal.ui.tests.macro,MacroUtil,forceMenuOpen,7,1,2
eclipse.pde.ui-20070413_perf32x,org.eclipse.pde.internal.ui.tests.macro,MacroUtil,forceMenuClosed,7,1,1
eclipse.pde.ui-20070413_perf32x,org.eclipse.pde.internal.ui.tests.macro,MacroUtil,processDisplayEvents,5,3,1
eclipse.pde.ui-20070413_perf32x,org.eclipse.pde.internal.ui.tests.macro,MacroUtil,locatePopupMenuItem,20,4,4
eclipse.pde.ui-20070413_perf32x,org.eclipse.pde.internal.ui.tests.macro,MacroUtil,locateToolItem,17,5,3
eclipse.pde.ui-20070413_perf32x,org.eclipse.pde.internal.ui.tests.macro,MacroUtil,locateToolItem,12,4,3
eclipse.pde.ui-20070413_perf32x,org.eclipse.pde.internal.ui.tests.macro,MacroUtil,locateToolItem,3,1,3
eclipse.pde.ui-20070413_perf32x,org.eclipse.pde.internal.ui.tests.macro,MacroUtil,locateToolItem,9,3,3
eclipse.pde.ui-20070413_perf32x,org.eclipse.pde.internal.ui.tests.macro,MacroUtil,locateLocalToolItem,21,5,3
eclipse.pde.ui-20070413_perf32x,org.eclipse.pde.internal.ui.tests.macro,MacroUtil,locateWizardControl,9,3,3
eclipse.pde.ui-20070413_perf32x,org.eclipse.pde.internal.ui.tests.macro,MacroUtil,locateShellControl,7,3,3
eclipse.pde.ui-20070413_perf32x,org.eclipse.pde.internal.ui.tests.macro,MacroUtil,locateWizardPageControl,15,5,4
eclipse.pde.ui-20070413_perf32x,org.eclipse.pde.internal.ui.tests.macro,MacroUtil,locateView,13,3,3
eclipse.pde.ui-20070413_perf32x,org.eclipse.pde.internal.ui.tests.macro,MacroUtil,getPartPane,5,1,1
eclipse.pde.ui-20070413_perf32x,org.eclipse.pde.internal.ui.tests.macro,MacroUtil,locateViewControl,14,3,4
eclipse.pde.ui-20070413_perf32x,org.eclipse.pde.internal.ui.tests.macro,MacroUtil,locateEditorControl,33,9,5
eclipse.pde.ui-20070413_perf32x,org.eclipse.pde.internal.ui.tests.macro,MacroUtil,locateVisibleChild,9,2,3
eclipse.pde.ui-20070413_perf32x,org.eclipse.pde.internal.ui.tests.macro,MacroUtil,locateVisibleChild,21,9,5
eclipse.pde.ui-20070413_perf32x,org.eclipse.pde.internal.ui.tests.macro,MacroUtil,throwCoreException,3,1,2
eclipse.pde.ui-20070413_perf32x,org.eclipse.pde.internal.ui.tests.macro,MacroUtil,throwCoreException,5,2,3
eclipse.pde.ui-20070413_perf32x,org.eclipse.pde.internal.ui.tests.macro,MacroUtil,generatePossibleKeyStrokes,20,5,1
eclipse.pde.ui-20070413_perf32x,org.eclipse.pde.internal.ui.tests.macro,ModifyCommand,ModifyCommand,3,1,1
eclipse.pde.ui-20070413_perf32x,org.eclipse.pde.internal.ui.tests.macro,ModifyCommand,getType,3,1,0
eclipse.pde.ui-20070413_perf32x,org.eclipse.pde.internal.ui.tests.macro,ModifyCommand,mergeEvent,3,1,1
eclipse.pde.ui-20070413_perf32x,org.eclipse.pde.internal.ui.tests.macro,ModifyCommand,processEvent,3,1,1
eclipse.pde.ui-20070413_perf32x,org.eclipse.pde.internal.ui.tests.macro,ModifyCommand,load,11,3,2
eclipse.pde.ui-20070413_perf32x,org.eclipse.pde.internal.ui.tests.macro,ModifyCommand,doProcessEvent,8,2,1
eclipse.pde.ui-20070413_perf32x,org.eclipse.pde.internal.ui.tests.macro,ModifyCommand,extractText,7,5,1
eclipse.pde.ui-20070413_perf32x,org.eclipse.pde.internal.ui.tests.macro,ModifyCommand,write,17,2,2
eclipse.pde.ui-20070413_perf32x,org.eclipse.pde.internal.ui.tests.macro,ModifyCommand,playback,13,7,3
eclipse.pde.ui-20070413_perf32x,org.eclipse.pde.internal.ui.tests.macro,StructuredSelectionCommand,StructuredSelectionCommand,5,1,2
eclipse.pde.ui-20070413_perf32x,org.eclipse.pde.internal.ui.tests.macro,StructuredSelectionCommand,mergeEvent,6,2,1
eclipse.pde.ui-20070413_perf32x,org.eclipse.pde.internal.ui.tests.macro,StructuredSelectionCommand,getType,3,1,0
eclipse.pde.ui-20070413_perf32x,org.eclipse.pde.internal.ui.tests.macro,StructuredSelectionCommand,getItemsForEvent,12,4,1
eclipse.pde.ui-20070413_perf32x,org.eclipse.pde.internal.ui.tests.macro,StructuredSelectionCommand,playTreeCommand,4,1,2
eclipse.pde.ui-20070413_perf32x,org.eclipse.pde.internal.ui.tests.macro,StructuredSelectionCommand,fireEvent,7,1,2
eclipse.pde.ui-20070413_perf32x,org.eclipse.pde.internal.ui.tests.macro,StructuredSelectionCommand,playTableCommand,4,1,2
eclipse.pde.ui-20070413_perf32x,org.eclipse.pde.internal.ui.tests.macro,StructuredSelectionCommand,playTableTreeCommand,4,1,2
eclipse.pde.ui-20070413_perf32x,org.eclipse.pde.internal.ui.tests.macro,ToggleStructuredCommand,ToggleStructuredCommand,3,1,1
eclipse.pde.ui-20070413_perf32x,org.eclipse.pde.internal.ui.tests.macro,ToggleStructuredCommand,mergeEvent,3,1,1
eclipse.pde.ui-20070413_perf32x,org.eclipse.pde.internal.ui.tests.macro,ToggleStructuredCommand,load,5,1,2
eclipse.pde.ui-20070413_perf32x,org.eclipse.pde.internal.ui.tests.macro,ToggleStructuredCommand,writeAdditionalAttributes,5,1,1
eclipse.pde.ui-20070413_perf32x,org.eclipse.pde.internal.ui.tests.macro,ToggleStructuredCommand,getValue,3,1,0
eclipse.pde.ui-20070413_perf32x,org.eclipse.pde.internal.ui.tests.macro,ViewCommandTarget,ViewCommandTarget,3,1,2
eclipse.pde.ui-20070413_perf32x,org.eclipse.pde.internal.ui.tests.macro,ViewCommandTarget,getView,3,1,0
eclipse.pde.ui-20070413_perf32x,org.eclipse.pde.internal.ui.tests.macro,ViewCommandTarget,ensureVisible,5,1,0
eclipse.pde.ui-20070413_perf32x,org.eclipse.pde.internal.ui.tests.macro,WaitCommand,JobListener,5,1,3
eclipse.pde.ui-20070413_perf32x,org.eclipse.pde.internal.ui.tests.macro,WaitCommand,change,9,2,1
eclipse.pde.ui-20070413_perf32x,org.eclipse.pde.internal.ui.tests.macro,WaitCommand,running,4,2,1
eclipse.pde.ui-20070413_perf32x,org.eclipse.pde.internal.ui.tests.macro,WaitCommand,done,4,2,1
eclipse.pde.ui-20070413_perf32x,org.eclipse.pde.internal.ui.tests.macro,WaitCommand,WaitCommand,3,1,0
eclipse.pde.ui-20070413_perf32x,org.eclipse.pde.internal.ui.tests.macro,WaitCommand,getType,3,1,0
eclipse.pde.ui-20070413_perf32x,org.eclipse.pde.internal.ui.tests.macro,WaitCommand,processEvent,2,1,1
eclipse.pde.ui-20070413_perf32x,org.eclipse.pde.internal.ui.tests.macro,WaitCommand,write,7,1,2
eclipse.pde.ui-20070413_perf32x,org.eclipse.pde.internal.ui.tests.macro,WaitCommand,playback,17,3,3
eclipse.pde.ui-20070413_perf32x,org.eclipse.pde.internal.ui.tests.macro,WaitCommand,getNumberOfRunningJobs,8,3,1
eclipse.pde.ui-20070413_perf32x,org.eclipse.pde.internal.ui.tests.macro,JobListener,JobListener,5,1,3
eclipse.pde.ui-20070413_perf32x,org.eclipse.pde.internal.ui.tests.macro,JobListener,change,9,2,1
eclipse.pde.ui-20070413_perf32x,org.eclipse.pde.internal.ui.tests.macro,JobListener,running,4,2,1
eclipse.pde.ui-20070413_perf32x,org.eclipse.pde.internal.ui.tests.macro,JobListener,done,4,2,1
eclipse.pde.ui-20070413_perf32x,org.eclipse.pde.internal.ui.tests.macro,WidgetIdentifier,WidgetIdentifier,4,1,2
eclipse.pde.ui-20070413_perf32x,org.eclipse.pde.internal.ui.tests.macro,WidgetIdentifier,getContextId,3,1,0
eclipse.pde.ui-20070413_perf32x,org.eclipse.pde.internal.ui.tests.macro,WidgetIdentifier,getWidgetId,3,1,0
eclipse.pde.ui-20070413_perf32x,org.eclipse.pde.internal.ui.tests.macro,WidgetIdentifier,getFullyQualifiedPath,3,1,0
eclipse.pde.ui-20070413_perf32x,org.eclipse.pde.internal.ui.tests.macro,WidgetIdentifier,getFullyQualifiedId,3,1,0
eclipse.pde.ui-20070413_perf32x,org.eclipse.pde.internal.ui.tests.macro,WidgetIdentifier,equals,9,4,1
eclipse.pde.ui-20070413_perf32x,org.eclipse.pde.internal.ui.tests.macro,WindowCommandTarget,WindowCommandTarget,3,1,2
eclipse.pde.ui-20070413_perf32x,org.eclipse.pde.internal.ui.tests.macro,WindowCommandTarget,getWindow,3,1,0
eclipse.pde.ui-20070413_perf32x,org.eclipse.pde.internal.ui.tests.macro,WindowCommandTarget,ensureVisible,4,1,0
eclipse.pde.ui-20070413_perf32x,org.eclipse.pde.internal.ui.tests.macro,WizardCommandTarget,WizardCommandTarget,3,1,2
eclipse.pde.ui-20070413_perf32x,org.eclipse.pde.internal.ui.tests.macro,WizardCommandTarget,getWizardDialog,3,1,0
eclipse.pde.ui-20070413_perf32x,org.eclipse.pde.internal.ui.tests.macro,XMLDefaultHandler,XMLDefaultHandler,3,1,0
eclipse.pde.ui-20070413_perf32x,org.eclipse.pde.internal.ui.tests.macro,XMLDefaultHandler,startElement,12,3,4
eclipse.pde.ui-20070413_perf32x,org.eclipse.pde.internal.ui.tests.macro,XMLDefaultHandler,endElement,4,1,3
eclipse.pde.ui-20070413_perf32x,org.eclipse.pde.internal.ui.tests.macro,XMLDefaultHandler,setDocumentLocator,3,1,1
eclipse.pde.ui-20070413_perf32x,org.eclipse.pde.internal.ui.tests.macro,XMLDefaultHandler,startDocument,8,1,0
eclipse.pde.ui-20070413_perf32x,org.eclipse.pde.internal.ui.tests.macro,XMLDefaultHandler,endDocument,3,1,0
eclipse.pde.ui-20070413_perf32x,org.eclipse.pde.internal.ui.tests.macro,XMLDefaultHandler,processingInstruction,3,1,2
eclipse.pde.ui-20070413_perf32x,org.eclipse.pde.internal.ui.tests.macro,XMLDefaultHandler,characters,9,3,3
eclipse.pde.ui-20070413_perf32x,org.eclipse.pde.internal.ui.tests.macro,XMLDefaultHandler,getDocumentElement,4,1,0
eclipse.pde.ui-20070413_perf32x,org.eclipse.pde.internal.ui.tests.macro,XMLDefaultHandler,getDocument,4,1,0
eclipse.pde.ui-20070413_perf32x,org.eclipse.pde.internal.ui.tests.macro,XMLDefaultHandler,getLineTable,3,1,0
eclipse.pde.ui-20070413_perf32x,org.eclipse.pde.internal.ui.tests.macro,DefaultIndexHandler,DefaultIndexHandler,2,1,0
eclipse.pde.ui-20070413_perf32x,org.eclipse.pde.internal.ui.tests.macro,DefaultIndexHandler,processIndex,12,1,2
eclipse.pde.ui-20070413_perf32x,org.eclipse.pde.internal.ui.tests.macro,DefaultIndexHandler,run,4,1,0
eclipse.pde.ui-20070413_perf32x,org.eclipse.pde.internal.ui.tests.macro,DefaultWidgetResolver,getUniqueId,18,12,1
eclipse.pde.ui-20070413_perf32x,org.eclipse.pde.internal.ui.tests.macro,IndexAction,IndexAction,4,1,0
eclipse.pde.ui-20070413_perf32x,org.eclipse.pde.internal.ui.tests.macro,IndexAction,run,9,2,1
eclipse.pde.ui-20070413_perf32x,org.eclipse.pde.internal.ui.tests.macro,IndexAction,selectionChanged,2,1,2
eclipse.pde.ui-20070413_perf32x,org.eclipse.pde.internal.ui.tests.macro,IndexAction,recordingStarted,3,2,0
eclipse.pde.ui-20070413_perf32x,org.eclipse.pde.internal.ui.tests.macro,IndexAction,recordingStopped,3,2,0
eclipse.pde.ui-20070413_perf32x,org.eclipse.pde.internal.ui.tests.macro,IndexAction,recordingInterrupted,2,1,1
eclipse.pde.ui-20070413_perf32x,org.eclipse.pde.internal.ui.tests.macro,IndexAction,dispose,5,1,0
eclipse.pde.ui-20070413_perf32x,org.eclipse.pde.internal.ui.tests.macro,IndexAction,init,3,1,1
eclipse.pde.ui-20070413_perf32x,org.eclipse.pde.internal.ui.tests.macro,IndexPage,getElements,3,1,1
eclipse.pde.ui-20070413_perf32x,org.eclipse.pde.internal.ui.tests.macro,IndexPage,dispose,2,1,0
eclipse.pde.ui-20070413_perf32x,org.eclipse.pde.internal.ui.tests.macro,IndexPage,inputChanged,2,1,3
eclipse.pde.ui-20070413_perf32x,org.eclipse.pde.internal.ui.tests.macro,IndexPage,IndexPage,6,1,1
eclipse.pde.ui-20070413_perf32x,org.eclipse.pde.internal.ui.tests.macro,IndexPage,createControl,32,2,1
eclipse.pde.ui-20070413_perf32x,org.eclipse.pde.internal.ui.tests.macro,IndexPage,modifyText,3,1,1
eclipse.pde.ui-20070413_perf32x,org.eclipse.pde.internal.ui.tests.macro,IndexPage,selectionChanged,5,2,1
eclipse.pde.ui-20070413_perf32x,org.eclipse.pde.internal.ui.tests.macro,IndexPage,setVisible,4,2,1
eclipse.pde.ui-20070413_perf32x,org.eclipse.pde.internal.ui.tests.macro,IndexPage,updateStatus,20,6,0
eclipse.pde.ui-20070413_perf32x,org.eclipse.pde.internal.ui.tests.macro,IndexPage,getIndexId,3,1,0
eclipse.pde.ui-20070413_perf32x,org.eclipse.pde.internal.ui.tests.macro,ExistingProvider,getElements,3,1,1
eclipse.pde.ui-20070413_perf32x,org.eclipse.pde.internal.ui.tests.macro,ExistingProvider,dispose,2,1,0
eclipse.pde.ui-20070413_perf32x,org.eclipse.pde.internal.ui.tests.macro,ExistingProvider,inputChanged,2,1,3
eclipse.pde.ui-20070413_perf32x,org.eclipse.pde.internal.ui.tests.macro,IndexWizard,IndexWizard,4,1,1
eclipse.pde.ui-20070413_perf32x,org.eclipse.pde.internal.ui.tests.macro,IndexWizard,addPages,4,1,0
eclipse.pde.ui-20070413_perf32x,org.eclipse.pde.internal.ui.tests.macro,IndexWizard,performFinish,7,2,0
eclipse.pde.ui-20070413_perf32x,org.eclipse.pde.internal.ui.tests.macro,NewMacroWizard,NewMacroPage,5,1,1
eclipse.pde.ui-20070413_perf32x,org.eclipse.pde.internal.ui.tests.macro,NewMacroWizard,getInitialContents,9,1,0
eclipse.pde.ui-20070413_perf32x,org.eclipse.pde.internal.ui.tests.macro,NewMacroWizard,NewMacroWizard,4,1,1
eclipse.pde.ui-20070413_perf32x,org.eclipse.pde.internal.ui.tests.macro,NewMacroWizard,addPages,9,2,0
eclipse.pde.ui-20070413_perf32x,org.eclipse.pde.internal.ui.tests.macro,NewMacroWizard,performFinish,4,1,0
eclipse.pde.ui-20070413_perf32x,org.eclipse.pde.internal.ui.tests.macro,NewMacroPage,NewMacroPage,5,1,1
eclipse.pde.ui-20070413_perf32x,org.eclipse.pde.internal.ui.tests.macro,NewMacroPage,getInitialContents,9,1,0
eclipse.pde.ui-20070413_perf32x,org.eclipse.pde.internal.ui.tests.macro,PlaybackAction,PlaybackAction,2,1,0
eclipse.pde.ui-20070413_perf32x,org.eclipse.pde.internal.ui.tests.macro,PlaybackAction,run,12,3,1
eclipse.pde.ui-20070413_perf32x,org.eclipse.pde.internal.ui.tests.macro,PlaybackAction,runFile,12,1,1
eclipse.pde.ui-20070413_perf32x,org.eclipse.pde.internal.ui.tests.macro,PlaybackAction,selectionChanged,2,1,2
eclipse.pde.ui-20070413_perf32x,org.eclipse.pde.internal.ui.tests.macro,PlaybackAction,dispose,2,1,0
eclipse.pde.ui-20070413_perf32x,org.eclipse.pde.internal.ui.tests.macro,PlaybackAction,init,3,1,1
eclipse.pde.ui-20070413_perf32x,org.eclipse.pde.internal.ui.tests.macro,RecordAction,RecordAction,4,1,0
eclipse.pde.ui-20070413_perf32x,org.eclipse.pde.internal.ui.tests.macro,RecordAction,run,9,2,1
eclipse.pde.ui-20070413_perf32x,org.eclipse.pde.internal.ui.tests.macro,RecordAction,selectionChanged,2,1,2
eclipse.pde.ui-20070413_perf32x,org.eclipse.pde.internal.ui.tests.macro,RecordAction,dispose,5,1,0
eclipse.pde.ui-20070413_perf32x,org.eclipse.pde.internal.ui.tests.macro,RecordAction,recordingStarted,3,1,0
eclipse.pde.ui-20070413_perf32x,org.eclipse.pde.internal.ui.tests.macro,RecordAction,recordingStopped,3,1,0
eclipse.pde.ui-20070413_perf32x,org.eclipse.pde.internal.ui.tests.macro,RecordAction,recordingInterrupted,2,1,1
eclipse.pde.ui-20070413_perf32x,org.eclipse.pde.internal.ui.tests.macro,RecordAction,init,3,1,1
eclipse.pde.ui-20070413_perf32x,org.eclipse.pde.internal.ui.tests.macro,RecordBlock,RecordBlock,2,1,0
eclipse.pde.ui-20070413_perf32x,org.eclipse.pde.internal.ui.tests.macro,RecordBlock,getInstance,6,2,0
eclipse.pde.ui-20070413_perf32x,org.eclipse.pde.internal.ui.tests.macro,RecordBlock,init,5,2,1
eclipse.pde.ui-20070413_perf32x,org.eclipse.pde.internal.ui.tests.macro,RecordBlock,internalInit,5,1,1
eclipse.pde.ui-20070413_perf32x,org.eclipse.pde.internal.ui.tests.macro,RecordBlock,dispose,6,2,0
eclipse.pde.ui-20070413_perf32x,org.eclipse.pde.internal.ui.tests.macro,RecordBlock,internalDispose,4,1,0
eclipse.pde.ui-20070413_perf32x,org.eclipse.pde.internal.ui.tests.macro,RecordBlock,startRecording,4,1,0
eclipse.pde.ui-20070413_perf32x,org.eclipse.pde.internal.ui.tests.macro,RecordBlock,stopRecording,19,1,0
eclipse.pde.ui-20070413_perf32x,org.eclipse.pde.internal.ui.tests.macro,RecordBlock,recordingStarted,2,1,0
eclipse.pde.ui-20070413_perf32x,org.eclipse.pde.internal.ui.tests.macro,RecordBlock,recordingStopped,2,1,0
eclipse.pde.ui-20070413_perf32x,org.eclipse.pde.internal.ui.tests.macro,RecordBlock,recordingInterrupted,4,3,1
eclipse.pde.ui-20070413_perf32x,org.eclipse.pde.internal.ui.tests.macro,RecordBlock,insertIndex,9,1,0
eclipse.pde.ui-20070413_perf32x,org.eclipse.pde.internal.ui.tests.macro,StopAction,StopAction,4,1,0
eclipse.pde.ui-20070413_perf32x,org.eclipse.pde.internal.ui.tests.macro,StopAction,run,9,2,1
eclipse.pde.ui-20070413_perf32x,org.eclipse.pde.internal.ui.tests.macro,StopAction,selectionChanged,2,1,2
eclipse.pde.ui-20070413_perf32x,org.eclipse.pde.internal.ui.tests.macro,StopAction,recordingStarted,3,2,0
eclipse.pde.ui-20070413_perf32x,org.eclipse.pde.internal.ui.tests.macro,StopAction,recordingStopped,3,2,0
eclipse.pde.ui-20070413_perf32x,org.eclipse.pde.internal.ui.tests.macro,StopAction,recordingInterrupted,2,1,1
eclipse.pde.ui-20070413_perf32x,org.eclipse.pde.internal.ui.tests.macro,StopAction,dispose,5,1,0
eclipse.pde.ui-20070413_perf32x,org.eclipse.pde.internal.ui.tests.macro,StopAction,init,3,1,1
eclipse.pde.ui-20070413_perf32x,org.eclipse.pde.ui.tests,AllPDETests,suite,9,1,0
eclipse.pde.ui-20070413_perf32x,org.eclipse.pde.ui.tests,NewProjectTestCase,verifyProjectExistence,3,1,0
eclipse.pde.ui-20070413_perf32x,org.eclipse.pde.ui.tests,NewProjectTestCase,getProject,4,1,0
eclipse.pde.ui-20070413_perf32x,org.eclipse.pde.ui.tests,NewProjectTestCase,hasNature,9,1,1
eclipse.pde.ui-20070413_perf32x,org.eclipse.pde.ui.tests,NewProjectTestCase,getProjectName,0,1,0
eclipse.pde.ui-20070413_perf32x,org.eclipse.pde.ui.tests,PDETestCase,getShell,3,1,0
eclipse.pde.ui-20070413_perf32x,org.eclipse.pde.ui.tests,PDETestCase,tearDown,11,2,0
eclipse.pde.ui-20070413_perf32x,org.eclipse.pde.ui.tests.imports,AllImportTests,suite,8,1,0
eclipse.pde.ui-20070413_perf32x,org.eclipse.pde.ui.tests.imports,BaseImportTestCase,runOperation,13,1,2
eclipse.pde.ui-20070413_perf32x,org.eclipse.pde.ui.tests.imports,BaseImportTestCase,getModels,9,2,1
eclipse.pde.ui-20070413_perf32x,org.eclipse.pde.ui.tests.imports,BaseImportTestCase,verifyProject,6,1,1
eclipse.pde.ui-20070413_perf32x,org.eclipse.pde.ui.tests.imports,BaseImportTestCase,checkSourceAttached,9,4,1
eclipse.pde.ui-20070413_perf32x,org.eclipse.pde.ui.tests.imports,ImportAsBinaryTestCase,suite,3,1,0
eclipse.pde.ui-20070413_perf32x,org.eclipse.pde.ui.tests.imports,ImportAsBinaryTestCase,testImportBinaryJAR,4,1,0
eclipse.pde.ui-20070413_perf32x,org.eclipse.pde.ui.tests.imports,ImportAsBinaryTestCase,testImportBinaryFlat,4,1,0
eclipse.pde.ui-20070413_perf32x,org.eclipse.pde.ui.tests.imports,ImportAsBinaryTestCase,testImportBinaryNotJavaFlat,4,1,0
eclipse.pde.ui-20070413_perf32x,org.eclipse.pde.ui.tests.imports,ImportAsBinaryTestCase,testImportBinaryNotJavaJARd,4,1,0
eclipse.pde.ui-20070413_perf32x,org.eclipse.pde.ui.tests.imports,ImportAsBinaryTestCase,testImportBinaryMultiple,6,1,0
eclipse.pde.ui-20070413_perf32x,org.eclipse.pde.ui.tests.imports,ImportAsBinaryTestCase,verifyBinaryProject,16,2,2
eclipse.pde.ui-20070413_perf32x,org.eclipse.pde.ui.tests.imports,ImportAsBinaryTestCase,checkLibraryEntry,7,3,1
eclipse.pde.ui-20070413_perf32x,org.eclipse.pde.ui.tests.imports,ImportAsSourceTestCase,suite,3,1,0
eclipse.pde.ui-20070413_perf32x,org.eclipse.pde.ui.tests.imports,ImportAsSourceTestCase,testImportSourceJAR,4,1,0
eclipse.pde.ui-20070413_perf32x,org.eclipse.pde.ui.tests.imports,ImportAsSourceTestCase,testImportSourceFlat,4,1,0
eclipse.pde.ui-20070413_perf32x,org.eclipse.pde.ui.tests.imports,ImportAsSourceTestCase,testImportSourceNotJavaFlat,4,1,0
eclipse.pde.ui-20070413_perf32x,org.eclipse.pde.ui.tests.imports,ImportAsSourceTestCase,testImportSourceNotJavaJARd,4,1,0
eclipse.pde.ui-20070413_perf32x,org.eclipse.pde.ui.tests.imports,ImportAsSourceTestCase,testImportSourceMultiple,6,1,0
eclipse.pde.ui-20070413_perf32x,org.eclipse.pde.ui.tests.imports,ImportAsSourceTestCase,verifyLinkedProject,17,2,2
eclipse.pde.ui-20070413_perf32x,org.eclipse.pde.ui.tests.imports,ImportAsSourceTestCase,checkSourceFolder,7,3,1
eclipse.pde.ui-20070413_perf32x,org.eclipse.pde.ui.tests.imports,ImportFeatureProjectsTestCase,suite,3,1,0
eclipse.pde.ui-20070413_perf32x,org.eclipse.pde.ui.tests.imports,ImportFeatureProjectsTestCase,tearDown,4,1,0
eclipse.pde.ui-20070413_perf32x,org.eclipse.pde.ui.tests.imports,ImportFeatureProjectsTestCase,getProjectName,3,1,0
eclipse.pde.ui-20070413_perf32x,org.eclipse.pde.ui.tests.imports,ImportFeatureProjectsTestCase,lookingAtProject,11,3,1
eclipse.pde.ui-20070413_perf32x,org.eclipse.pde.ui.tests.imports,ImportFeatureProjectsTestCase,importFeature,14,2,2
eclipse.pde.ui-20070413_perf32x,org.eclipse.pde.ui.tests.imports,ImportFeatureProjectsTestCase,verifyNatures,10,2,0
eclipse.pde.ui-20070413_perf32x,org.eclipse.pde.ui.tests.imports,ImportFeatureProjectsTestCase,verifyFeature,11,2,1
eclipse.pde.ui-20070413_perf32x,org.eclipse.pde.ui.tests.imports,ImportFeatureProjectsTestCase,verifyProjectExistence,7,2,0
eclipse.pde.ui-20070413_perf32x,org.eclipse.pde.ui.tests.imports,ImportFeatureProjectsTestCase,testImportFeature,9,2,0
eclipse.pde.ui-20070413_perf32x,org.eclipse.pde.ui.tests.imports,ImportFeatureProjectsTestCase,testImportBinaryFeature,9,2,0
eclipse.pde.ui-20070413_perf32x,org.eclipse.pde.ui.tests.imports,ImportFeatureProjectsTestCase,testImportMulitpleFeatures,11,2,0
eclipse.pde.ui-20070413_perf32x,org.eclipse.pde.ui.tests.imports,ImportFeatureProjectsTestCase,testFeaturePlugins,17,3,0
eclipse.pde.ui-20070413_perf32x,org.eclipse.pde.ui.tests.imports,ImportFeatureProjectsTestCase,getFeaturePluginsFrom,4,3,2
eclipse.pde.ui-20070413_perf32x,org.eclipse.pde.ui.tests.imports,ImportWithLinksTestCase,suite,3,1,0
eclipse.pde.ui-20070413_perf32x,org.eclipse.pde.ui.tests.imports,ImportWithLinksTestCase,testImportLinksJAR,4,1,0
eclipse.pde.ui-20070413_perf32x,org.eclipse.pde.ui.tests.imports,ImportWithLinksTestCase,testImportLinksFlat,4,1,0
eclipse.pde.ui-20070413_perf32x,org.eclipse.pde.ui.tests.imports,ImportWithLinksTestCase,testImportLinksNotJavaFlat,4,1,0
eclipse.pde.ui-20070413_perf32x,org.eclipse.pde.ui.tests.imports,ImportWithLinksTestCase,testImportLinksNotJavaJARd,4,1,0
eclipse.pde.ui-20070413_perf32x,org.eclipse.pde.ui.tests.imports,ImportWithLinksTestCase,testImportLinksMultiple,6,1,0
eclipse.pde.ui-20070413_perf32x,org.eclipse.pde.ui.tests.imports,ImportWithLinksTestCase,verifyLinkedProject,17,2,2
eclipse.pde.ui-20070413_perf32x,org.eclipse.pde.ui.tests.imports,ImportWithLinksTestCase,checkLibraryEntry,7,3,1
eclipse.pde.ui-20070413_perf32x,org.eclipse.pde.ui.tests.model.bundle,AllBundleModelTests,suite,17,1,0
eclipse.pde.ui-20070413_perf32x,org.eclipse.pde.ui.tests.model.bundle,BundleActivatorTestCase,suite,3,1,0
eclipse.pde.ui-20070413_perf32x,org.eclipse.pde.ui.tests.model.bundle,BundleActivatorTestCase,BundleActivatorTestCase,3,1,0
eclipse.pde.ui-20070413_perf32x,org.eclipse.pde.ui.tests.model.bundle,BundleActivatorTestCase,testGetActivator,13,1,0
eclipse.pde.ui-20070413_perf32x,org.eclipse.pde.ui.tests.model.bundle,BundleActivatorTestCase,testSetActivator,19,1,0
eclipse.pde.ui-20070413_perf32x,org.eclipse.pde.ui.tests.model.bundle,BundleActivatorTestCase,testChangeExistingActivator,21,1,0
eclipse.pde.ui-20070413_perf32x,org.eclipse.pde.ui.tests.model.bundle,BundleClasspathTestCase,suite,3,1,0
eclipse.pde.ui-20070413_perf32x,org.eclipse.pde.ui.tests.model.bundle,BundleClasspathTestCase,BundleClasspathTestCase,3,1,0
eclipse.pde.ui-20070413_perf32x,org.eclipse.pde.ui.tests.model.bundle,BundleClasspathTestCase,testAddLibrary,20,1,0
eclipse.pde.ui-20070413_perf32x,org.eclipse.pde.ui.tests.model.bundle,BundleClasspathTestCase,testRemoveLibrary,21,1,0
eclipse.pde.ui-20070413_perf32x,org.eclipse.pde.ui.tests.model.bundle,BundleClasspathTestCase,testRemoveOnlyLibrary,18,1,0
eclipse.pde.ui-20070413_perf32x,org.eclipse.pde.ui.tests.model.bundle,BundleLocalizationTestCase,suite,3,1,0
eclipse.pde.ui-20070413_perf32x,org.eclipse.pde.ui.tests.model.bundle,BundleLocalizationTestCase,BundleLocalizationTestCase,3,1,0
eclipse.pde.ui-20070413_perf32x,org.eclipse.pde.ui.tests.model.bundle,BundleLocalizationTestCase,testGetLocalization,13,1,0
eclipse.pde.ui-20070413_perf32x,org.eclipse.pde.ui.tests.model.bundle,BundleLocalizationTestCase,testSetLocalization,19,1,0
eclipse.pde.ui-20070413_perf32x,org.eclipse.pde.ui.tests.model.bundle,BundleLocalizationTestCase,testChangeExistingLocalization,21,1,0
eclipse.pde.ui-20070413_perf32x,org.eclipse.pde.ui.tests.model.bundle,BundleModelTestCase,BundleModelTestCase,3,1,1
eclipse.pde.ui-20070413_perf32x,org.eclipse.pde.ui.tests.model.bundle,BundleModelTestCase,setUp,3,1,0
eclipse.pde.ui-20070413_perf32x,org.eclipse.pde.ui.tests.model.bundle,BundleModelTestCase,load,3,1,0
eclipse.pde.ui-20070413_perf32x,org.eclipse.pde.ui.tests.model.bundle,BundleModelTestCase,load,14,3,1
eclipse.pde.ui-20070413_perf32x,org.eclipse.pde.ui.tests.model.bundle,BundleModelTestCase,testAbsentHeader,9,1,0
eclipse.pde.ui-20070413_perf32x,org.eclipse.pde.ui.tests.model.bundle,BundleModelTestCase,testPresentHeader,11,1,0
eclipse.pde.ui-20070413_perf32x,org.eclipse.pde.ui.tests.model.bundle,BundleModelTestCase,testHeaderOffset1,12,1,0
eclipse.pde.ui-20070413_perf32x,org.eclipse.pde.ui.tests.model.bundle,BundleModelTestCase,testHeaderOffset2,12,1,0
eclipse.pde.ui-20070413_perf32x,org.eclipse.pde.ui.tests.model.bundle,BundleModelTestCase,testHeaderLength,12,1,0
eclipse.pde.ui-20070413_perf32x,org.eclipse.pde.ui.tests.model.bundle,BundleModelTestCase,testHeaderLengthWithWindowsDelimiter,12,1,0
eclipse.pde.ui-20070413_perf32x,org.eclipse.pde.ui.tests.model.bundle,BundleNameTestCase,suite,3,1,0
eclipse.pde.ui-20070413_perf32x,org.eclipse.pde.ui.tests.model.bundle,BundleNameTestCase,BundleNameTestCase,3,1,0
eclipse.pde.ui-20070413_perf32x,org.eclipse.pde.ui.tests.model.bundle,BundleNameTestCase,testGetName,13,1,0
eclipse.pde.ui-20070413_perf32x,org.eclipse.pde.ui.tests.model.bundle,BundleNameTestCase,testSetName,19,1,0
eclipse.pde.ui-20070413_perf32x,org.eclipse.pde.ui.tests.model.bundle,BundleNameTestCase,testChangeExistingName,21,1,0
eclipse.pde.ui-20070413_perf32x,org.eclipse.pde.ui.tests.model.bundle,BundleSymbolicNameTestCase,BundleSymbolicNameTestCase,3,1,0
eclipse.pde.ui-20070413_perf32x,org.eclipse.pde.ui.tests.model.bundle,BundleSymbolicNameTestCase,suite,3,1,0
eclipse.pde.ui-20070413_perf32x,org.eclipse.pde.ui.tests.model.bundle,BundleSymbolicNameTestCase,testAbsentHeader,8,1,0
eclipse.pde.ui-20070413_perf32x,org.eclipse.pde.ui.tests.model.bundle,BundleSymbolicNameTestCase,testPresentHeader,9,1,0
eclipse.pde.ui-20070413_perf32x,org.eclipse.pde.ui.tests.model.bundle,BundleSymbolicNameTestCase,testHeaderOffset1,10,1,0
eclipse.pde.ui-20070413_perf32x,org.eclipse.pde.ui.tests.model.bundle,BundleSymbolicNameTestCase,testHeaderOffset2,11,1,0
eclipse.pde.ui-20070413_perf32x,org.eclipse.pde.ui.tests.model.bundle,BundleSymbolicNameTestCase,testHeaderLength,10,1,0
eclipse.pde.ui-20070413_perf32x,org.eclipse.pde.ui.tests.model.bundle,BundleSymbolicNameTestCase,testHeaderLengthWithWindowsDelimiter,10,1,0
eclipse.pde.ui-20070413_perf32x,org.eclipse.pde.ui.tests.model.bundle,BundleSymbolicNameTestCase,testAddBundleSymbolicName,16,1,0
eclipse.pde.ui-20070413_perf32x,org.eclipse.pde.ui.tests.model.bundle,BundleSymbolicNameTestCase,testRemoveBundleSymbolicName,16,1,0
eclipse.pde.ui-20070413_perf32x,org.eclipse.pde.ui.tests.model.bundle,BundleSymbolicNameTestCase,testChangeBundleSymbolicName,19,1,0
eclipse.pde.ui-20070413_perf32x,org.eclipse.pde.ui.tests.model.bundle,BundleSymbolicNameTestCase,testReadSingletonDirective,12,1,0
eclipse.pde.ui-20070413_perf32x,org.eclipse.pde.ui.tests.model.bundle,BundleSymbolicNameTestCase,testAddSingletonDirective,20,1,0
eclipse.pde.ui-20070413_perf32x,org.eclipse.pde.ui.tests.model.bundle,BundleSymbolicNameTestCase,testRemoveSingletonDirective,20,1,0
eclipse.pde.ui-20070413_perf32x,org.eclipse.pde.ui.tests.model.bundle,BundleVendorTestCase,BundleVendorTestCase,3,1,0
eclipse.pde.ui-20070413_perf32x,org.eclipse.pde.ui.tests.model.bundle,BundleVendorTestCase,suite,3,1,0
eclipse.pde.ui-20070413_perf32x,org.eclipse.pde.ui.tests.model.bundle,BundleVendorTestCase,testAddBundleVendor,16,1,0
eclipse.pde.ui-20070413_perf32x,org.eclipse.pde.ui.tests.model.bundle,BundleVendorTestCase,testRemoveBundleVendor,17,1,0
eclipse.pde.ui-20070413_perf32x,org.eclipse.pde.ui.tests.model.bundle,BundleVendorTestCase,testChangeBundleVendor,21,1,0
eclipse.pde.ui-20070413_perf32x,org.eclipse.pde.ui.tests.model.bundle,BundleVersionTestCase,BundleVersionTestCase,3,1,0
eclipse.pde.ui-20070413_perf32x,org.eclipse.pde.ui.tests.model.bundle,BundleVersionTestCase,suite,3,1,0
eclipse.pde.ui-20070413_perf32x,org.eclipse.pde.ui.tests.model.bundle,BundleVersionTestCase,testAddVersion,16,1,0
eclipse.pde.ui-20070413_perf32x,org.eclipse.pde.ui.tests.model.bundle,BundleVersionTestCase,testRemoveVersion,16,1,0
eclipse.pde.ui-20070413_perf32x,org.eclipse.pde.ui.tests.model.bundle,BundleVersionTestCase,testChangeVersion,19,1,0
eclipse.pde.ui-20070413_perf32x,org.eclipse.pde.ui.tests.model.bundle,ExecutionEnvironmentTestCase,ExecutionEnvironmentTestCase,3,1,0
eclipse.pde.ui-20070413_perf32x,org.eclipse.pde.ui.tests.model.bundle,ExecutionEnvironmentTestCase,suite,3,1,0
eclipse.pde.ui-20070413_perf32x,org.eclipse.pde.ui.tests.model.bundle,ExecutionEnvironmentTestCase,testAddExecutionEnvironmentHeader,16,1,0
eclipse.pde.ui-20070413_perf32x,org.eclipse.pde.ui.tests.model.bundle,ExecutionEnvironmentTestCase,testRemoveExistingExecutionEnvironment,17,1,0
eclipse.pde.ui-20070413_perf32x,org.eclipse.pde.ui.tests.model.bundle,ExecutionEnvironmentTestCase,testAddExecutionEnvironment,22,1,0
eclipse.pde.ui-20070413_perf32x,org.eclipse.pde.ui.tests.model.bundle,ExecutionEnvironmentTestCase,testAddMulitplieExecutionEnvironmnets,29,1,0
eclipse.pde.ui-20070413_perf32x,org.eclipse.pde.ui.tests.model.bundle,ExecutionEnvironmentTestCase,testRemoveExecutionEnvironment,24,1,0
eclipse.pde.ui-20070413_perf32x,org.eclipse.pde.ui.tests.model.bundle,ExecutionEnvironmentTestCase,testRemoveMultipleExecutionEnvironments,23,1,0
eclipse.pde.ui-20070413_perf32x,org.eclipse.pde.ui.tests.model.bundle,ExecutionEnvironmentTestCase,testPreserveSpacing,24,1,0
eclipse.pde.ui-20070413_perf32x,org.eclipse.pde.ui.tests.model.bundle,ExportPackageTestCase,ExportPackageTestCase,3,1,0
eclipse.pde.ui-20070413_perf32x,org.eclipse.pde.ui.tests.model.bundle,ExportPackageTestCase,suite,3,1,0
eclipse.pde.ui-20070413_perf32x,org.eclipse.pde.ui.tests.model.bundle,ExportPackageTestCase,addPackage,4,1,2
eclipse.pde.ui-20070413_perf32x,org.eclipse.pde.ui.tests.model.bundle,ExportPackageTestCase,getPackage,3,1,2
eclipse.pde.ui-20070413_perf32x,org.eclipse.pde.ui.tests.model.bundle,ExportPackageTestCase,testReadInternalPackage,15,1,0
eclipse.pde.ui-20070413_perf32x,org.eclipse.pde.ui.tests.model.bundle,ExportPackageTestCase,testReadOneFriend,17,1,0
eclipse.pde.ui-20070413_perf32x,org.eclipse.pde.ui.tests.model.bundle,ExportPackageTestCase,testReadMultipleFriend,19,1,0
eclipse.pde.ui-20070413_perf32x,org.eclipse.pde.ui.tests.model.bundle,ExportPackageTestCase,testSetPackageInternal,22,1,0
eclipse.pde.ui-20070413_perf32x,org.eclipse.pde.ui.tests.model.bundle,ExportPackageTestCase,testAddPackageFriend,22,1,0
eclipse.pde.ui-20070413_perf32x,org.eclipse.pde.ui.tests.model.bundle,ExportPackageTestCase,testAddPackageFriends,23,1,0
eclipse.pde.ui-20070413_perf32x,org.eclipse.pde.ui.tests.model.bundle,FragmentHostTestCase,FragmentHostTestCase,3,1,0
eclipse.pde.ui-20070413_perf32x,org.eclipse.pde.ui.tests.model.bundle,FragmentHostTestCase,suite,3,1,0
eclipse.pde.ui-20070413_perf32x,org.eclipse.pde.ui.tests.model.bundle,FragmentHostTestCase,testAddFragmentHost,16,1,0
eclipse.pde.ui-20070413_perf32x,org.eclipse.pde.ui.tests.model.bundle,FragmentHostTestCase,testRemoveFragmentHost,17,1,0
eclipse.pde.ui-20070413_perf32x,org.eclipse.pde.ui.tests.model.bundle,FragmentHostTestCase,testChangeFragmentHost,21,1,0
eclipse.pde.ui-20070413_perf32x,org.eclipse.pde.ui.tests.model.bundle,ImportPackageTestCase,ImportPackageTestCase,3,1,0
eclipse.pde.ui-20070413_perf32x,org.eclipse.pde.ui.tests.model.bundle,ImportPackageTestCase,suite,3,1,0
eclipse.pde.ui-20070413_perf32x,org.eclipse.pde.ui.tests.model.bundle,ImportPackageTestCase,testReadOptionalPackage,14,1,0
eclipse.pde.ui-20070413_perf32x,org.eclipse.pde.ui.tests.model.bundle,ImportPackageTestCase,testMakePackageOptional,22,1,0
eclipse.pde.ui-20070413_perf32x,org.eclipse.pde.ui.tests.model.bundle,ImportPackageTestCase,testRemoveOptionalDirective,22,1,0
eclipse.pde.ui-20070413_perf32x,org.eclipse.pde.ui.tests.model.bundle,ImportPackageTestCase,addPackage,3,1,2
eclipse.pde.ui-20070413_perf32x,org.eclipse.pde.ui.tests.model.bundle,ImportPackageTestCase,getPackage,3,1,2
eclipse.pde.ui-20070413_perf32x,org.eclipse.pde.ui.tests.model.bundle,LazyStartTestCase,LazyStartTestCase,3,1,1
eclipse.pde.ui-20070413_perf32x,org.eclipse.pde.ui.tests.model.bundle,LazyStartTestCase,suite,3,1,0
eclipse.pde.ui-20070413_perf32x,org.eclipse.pde.ui.tests.model.bundle,LazyStartTestCase,testGetAutoStart,13,1,0
eclipse.pde.ui-20070413_perf32x,org.eclipse.pde.ui.tests.model.bundle,LazyStartTestCase,testGetAutoStart2,13,1,0
eclipse.pde.ui-20070413_perf32x,org.eclipse.pde.ui.tests.model.bundle,LazyStartTestCase,testSetLazyStart,19,1,0
eclipse.pde.ui-20070413_perf32x,org.eclipse.pde.ui.tests.model.bundle,LazyStartTestCase,testChangeExistingLazyStart,21,1,0
eclipse.pde.ui-20070413_perf32x,org.eclipse.pde.ui.tests.model.bundle,MultiLineHeaderTestCase,MultiLineHeaderTestCase,3,1,1
eclipse.pde.ui-20070413_perf32x,org.eclipse.pde.ui.tests.model.bundle,MultiLineHeaderTestCase,testHeaderLengthMultiLines1,13,1,0
eclipse.pde.ui-20070413_perf32x,org.eclipse.pde.ui.tests.model.bundle,MultiLineHeaderTestCase,testHeaderLengthMultiLines2,13,1,0
eclipse.pde.ui-20070413_perf32x,org.eclipse.pde.ui.tests.model.bundle,PackageHeaderTestCase,PackageHeaderTestCase,3,1,1
eclipse.pde.ui-20070413_perf32x,org.eclipse.pde.ui.tests.model.bundle,PackageHeaderTestCase,testAddExportPackageHeader,16,1,0
eclipse.pde.ui-20070413_perf32x,org.eclipse.pde.ui.tests.model.bundle,PackageHeaderTestCase,testRemoveExistingExportPackageHeader,17,1,0
eclipse.pde.ui-20070413_perf32x,org.eclipse.pde.ui.tests.model.bundle,PackageHeaderTestCase,testAddPackage,22,1,0
eclipse.pde.ui-20070413_perf32x,org.eclipse.pde.ui.tests.model.bundle,PackageHeaderTestCase,testAddImportPackageHeader,16,1,0
eclipse.pde.ui-20070413_perf32x,org.eclipse.pde.ui.tests.model.bundle,PackageHeaderTestCase,testAddMultiplePackages,26,1,0
eclipse.pde.ui-20070413_perf32x,org.eclipse.pde.ui.tests.model.bundle,PackageHeaderTestCase,testRemovePackage,24,1,0
eclipse.pde.ui-20070413_perf32x,org.eclipse.pde.ui.tests.model.bundle,PackageHeaderTestCase,testRemoveMultiplePackages,23,1,0
eclipse.pde.ui-20070413_perf32x,org.eclipse.pde.ui.tests.model.bundle,PackageHeaderTestCase,testReadPackageWithVersion,15,1,0
eclipse.pde.ui-20070413_perf32x,org.eclipse.pde.ui.tests.model.bundle,PackageHeaderTestCase,testAddVersionToPackage,23,1,0
eclipse.pde.ui-20070413_perf32x,org.eclipse.pde.ui.tests.model.bundle,PackageHeaderTestCase,testRemoveVersionFromPackage,23,1,0
eclipse.pde.ui-20070413_perf32x,org.eclipse.pde.ui.tests.model.bundle,PackageHeaderTestCase,testAddPackageWithWindowsDelimiter,22,1,0
eclipse.pde.ui-20070413_perf32x,org.eclipse.pde.ui.tests.model.bundle,PackageHeaderTestCase,testRemovePackageWithWindowsDelimiter,24,1,0
eclipse.pde.ui-20070413_perf32x,org.eclipse.pde.ui.tests.model.bundle,PackageHeaderTestCase,testPreserveSpacing,24,1,0
eclipse.pde.ui-20070413_perf32x,org.eclipse.pde.ui.tests.model.bundle,PackageHeaderTestCase,addPackage,0,1,2
eclipse.pde.ui-20070413_perf32x,org.eclipse.pde.ui.tests.model.bundle,PackageHeaderTestCase,getPackage,0,1,2
eclipse.pde.ui-20070413_perf32x,org.eclipse.pde.ui.tests.model.bundle,RequireBundleTestCase,RequireBundleTestCase,3,1,0
eclipse.pde.ui-20070413_perf32x,org.eclipse.pde.ui.tests.model.bundle,RequireBundleTestCase,suite,3,1,0
eclipse.pde.ui-20070413_perf32x,org.eclipse.pde.ui.tests.model.bundle,RequireBundleTestCase,testAddRequireBundleHeader,16,1,0
eclipse.pde.ui-20070413_perf32x,org.eclipse.pde.ui.tests.model.bundle,RequireBundleTestCase,testRemoveExistingRequireBundleHeader,16,1,0
eclipse.pde.ui-20070413_perf32x,org.eclipse.pde.ui.tests.model.bundle,RequireBundleTestCase,testAddBundle,21,1,0
eclipse.pde.ui-20070413_perf32x,org.eclipse.pde.ui.tests.model.bundle,RequireBundleTestCase,testAddMultipleBundles,25,1,0
eclipse.pde.ui-20070413_perf32x,org.eclipse.pde.ui.tests.model.bundle,RequireBundleTestCase,testRemoveBundle,23,1,0
eclipse.pde.ui-20070413_perf32x,org.eclipse.pde.ui.tests.model.bundle,RequireBundleTestCase,testRemoveMultipleBundles,22,1,0
eclipse.pde.ui-20070413_perf32x,org.eclipse.pde.ui.tests.model.bundle,RequireBundleTestCase,testReadOptionalBundle,14,1,0
eclipse.pde.ui-20070413_perf32x,org.eclipse.pde.ui.tests.model.bundle,RequireBundleTestCase,testReadBundleWithVersion,14,1,0
eclipse.pde.ui-20070413_perf32x,org.eclipse.pde.ui.tests.model.bundle,RequireBundleTestCase,testMakeBundleOptional,22,1,0
eclipse.pde.ui-20070413_perf32x,org.eclipse.pde.ui.tests.model.bundle,RequireBundleTestCase,testRemoveOptionalDirective,22,1,0
eclipse.pde.ui-20070413_perf32x,org.eclipse.pde.ui.tests.model.bundle,RequireBundleTestCase,testAddVersionToBundle,22,1,0
eclipse.pde.ui-20070413_perf32x,org.eclipse.pde.ui.tests.model.bundle,RequireBundleTestCase,testRemoveVersionFromBundle,22,1,0
eclipse.pde.ui-20070413_perf32x,org.eclipse.pde.ui.tests.model.bundle,RequireBundleTestCase,testAddBundleWithWindowsDelimiter,21,1,0
eclipse.pde.ui-20070413_perf32x,org.eclipse.pde.ui.tests.model.bundle,RequireBundleTestCase,testRemoveBundleWithWindowsDelimiter,23,1,0
eclipse.pde.ui-20070413_perf32x,org.eclipse.pde.ui.tests.model.bundle,RequireBundleTestCase,testPreserveSpacing,23,1,0
eclipse.pde.ui-20070413_perf32x,org.eclipse.pde.ui.tests.model.bundle,RequireBundleTestCase,testReadBundleReExport,14,1,0
eclipse.pde.ui-20070413_perf32x,org.eclipse.pde.ui.tests.model.bundle,RequireBundleTestCase,testMakeBundleReExport,22,1,0
eclipse.pde.ui-20070413_perf32x,org.eclipse.pde.ui.tests.model.bundle,RequireBundleTestCase,testRemoveReExport,22,1,0
eclipse.pde.ui-20070413_perf32x,org.eclipse.pde.ui.tests.model.bundle,RequireBundleTestCase,getBundle,5,3,2
eclipse.pde.ui-20070413_perf32x,org.eclipse.pde.ui.tests.model.xml,AllXMLModelTests,suite,8,1,0
eclipse.pde.ui-20070413_perf32x,org.eclipse.pde.ui.tests.model.xml,BasicXMLTestCase,suite,3,1,0
eclipse.pde.ui-20070413_perf32x,org.eclipse.pde.ui.tests.model.xml,BasicXMLTestCase,testReadSimpleExtension,11,1,0
eclipse.pde.ui-20070413_perf32x,org.eclipse.pde.ui.tests.model.xml,BasicXMLTestCase,testReadMultilineSimpleExtension,17,1,0
eclipse.pde.ui-20070413_perf32x,org.eclipse.pde.ui.tests.model.xml,BasicXMLTestCase,testAddSimpleExtension,19,1,0
eclipse.pde.ui-20070413_perf32x,org.eclipse.pde.ui.tests.model.xml,BasicXMLTestCase,testRemoveSimpleExtension,12,1,0
eclipse.pde.ui-20070413_perf32x,org.eclipse.pde.ui.tests.model.xml,ExtensionAttributeTestCase,suite,3,1,0
eclipse.pde.ui-20070413_perf32x,org.eclipse.pde.ui.tests.model.xml,ExtensionAttributeTestCase,testAddNewExtensionAttribute1LF,3,1,0
eclipse.pde.ui-20070413_perf32x,org.eclipse.pde.ui.tests.model.xml,ExtensionAttributeTestCase,testAddNewExtensionAttribute2LF,3,1,0
eclipse.pde.ui-20070413_perf32x,org.eclipse.pde.ui.tests.model.xml,ExtensionAttributeTestCase,testAddNewExtensionAttribute3LF,3,1,0
eclipse.pde.ui-20070413_perf32x,org.eclipse.pde.ui.tests.model.xml,ExtensionAttributeTestCase,testAddNewExtensionAttribute1CRLF,3,1,0
eclipse.pde.ui-20070413_perf32x,org.eclipse.pde.ui.tests.model.xml,ExtensionAttributeTestCase,testAddNewExtensionAttribute2CRLF,3,1,0
eclipse.pde.ui-20070413_perf32x,org.eclipse.pde.ui.tests.model.xml,ExtensionAttributeTestCase,testAddNewExtensionAttribute3CRLF,3,1,0
eclipse.pde.ui-20070413_perf32x,org.eclipse.pde.ui.tests.model.xml,ExtensionAttributeTestCase,testAddNewExtensionAttribute1,4,1,1
eclipse.pde.ui-20070413_perf32x,org.eclipse.pde.ui.tests.model.xml,ExtensionAttributeTestCase,testAddNewExtensionAttribute2,8,1,1
eclipse.pde.ui-20070413_perf32x,org.eclipse.pde.ui.tests.model.xml,ExtensionAttributeTestCase,testAddNewExtensionAttribute3,8,1,1
eclipse.pde.ui-20070413_perf32x,org.eclipse.pde.ui.tests.model.xml,ExtensionAttributeTestCase,testAddExtensionAttribute1LF,3,1,0
eclipse.pde.ui-20070413_perf32x,org.eclipse.pde.ui.tests.model.xml,ExtensionAttributeTestCase,testAddExtensionAttribute2LF,3,1,0
eclipse.pde.ui-20070413_perf32x,org.eclipse.pde.ui.tests.model.xml,ExtensionAttributeTestCase,testAddExtensionAttribute3LF,3,1,0
eclipse.pde.ui-20070413_perf32x,org.eclipse.pde.ui.tests.model.xml,ExtensionAttributeTestCase,testAddExtensionAttribute1CRLF,3,1,0
eclipse.pde.ui-20070413_perf32x,org.eclipse.pde.ui.tests.model.xml,ExtensionAttributeTestCase,testAddExtensionAttribute2CRLF,3,1,0
eclipse.pde.ui-20070413_perf32x,org.eclipse.pde.ui.tests.model.xml,ExtensionAttributeTestCase,testAddExtensionAttribute3CRLF,3,1,0
eclipse.pde.ui-20070413_perf32x,org.eclipse.pde.ui.tests.model.xml,ExtensionAttributeTestCase,testAddExtensionAttribute1,5,1,1
eclipse.pde.ui-20070413_perf32x,org.eclipse.pde.ui.tests.model.xml,ExtensionAttributeTestCase,testAddExtensionAttribute2,8,1,1
eclipse.pde.ui-20070413_perf32x,org.eclipse.pde.ui.tests.model.xml,ExtensionAttributeTestCase,testAddExtensionAttribute3,8,1,1
eclipse.pde.ui-20070413_perf32x,org.eclipse.pde.ui.tests.model.xml,ExtensionAttributeTestCase,testAddNewMultipleAttributes1LF,3,1,0
eclipse.pde.ui-20070413_perf32x,org.eclipse.pde.ui.tests.model.xml,ExtensionAttributeTestCase,testAddNewMultipleAttributes2LF,3,1,0
eclipse.pde.ui-20070413_perf32x,org.eclipse.pde.ui.tests.model.xml,ExtensionAttributeTestCase,testAddNewMultipleAttributes3LF,3,1,0
eclipse.pde.ui-20070413_perf32x,org.eclipse.pde.ui.tests.model.xml,ExtensionAttributeTestCase,testAddNewMultipleAttributes1CRLF,3,1,0
eclipse.pde.ui-20070413_perf32x,org.eclipse.pde.ui.tests.model.xml,ExtensionAttributeTestCase,testAddNewMultipleAttributes2CRLF,3,1,0
eclipse.pde.ui-20070413_perf32x,org.eclipse.pde.ui.tests.model.xml,ExtensionAttributeTestCase,testAddNewMultipleAttributes3CRLF,3,1,0
eclipse.pde.ui-20070413_perf32x,org.eclipse.pde.ui.tests.model.xml,ExtensionAttributeTestCase,testAddNewMultipleAttributes1,4,1,1
eclipse.pde.ui-20070413_perf32x,org.eclipse.pde.ui.tests.model.xml,ExtensionAttributeTestCase,testAddNewMultipleAttributes2,8,1,1
eclipse.pde.ui-20070413_perf32x,org.eclipse.pde.ui.tests.model.xml,ExtensionAttributeTestCase,testAddNewMultipleAttributes3,8,1,1
eclipse.pde.ui-20070413_perf32x,org.eclipse.pde.ui.tests.model.xml,ExtensionAttributeTestCase,testRemoveExtensionAttribute1LF,3,1,0
eclipse.pde.ui-20070413_perf32x,org.eclipse.pde.ui.tests.model.xml,ExtensionAttributeTestCase,testRemoveExtensionAttribute2LF,3,1,0
eclipse.pde.ui-20070413_perf32x,org.eclipse.pde.ui.tests.model.xml,ExtensionAttributeTestCase,testRemoveExtensionAttribute3LF,3,1,0
eclipse.pde.ui-20070413_perf32x,org.eclipse.pde.ui.tests.model.xml,ExtensionAttributeTestCase,testRemoveExtensionAttribute1CRLF,3,1,0
eclipse.pde.ui-20070413_perf32x,org.eclipse.pde.ui.tests.model.xml,ExtensionAttributeTestCase,testRemoveExtensionAttribute2CRLF,3,1,0
eclipse.pde.ui-20070413_perf32x,org.eclipse.pde.ui.tests.model.xml,ExtensionAttributeTestCase,testRemoveExtensionAttribute3CRLF,3,1,0
eclipse.pde.ui-20070413_perf32x,org.eclipse.pde.ui.tests.model.xml,ExtensionAttributeTestCase,testRemoveExtensionAttribute1,5,1,1
eclipse.pde.ui-20070413_perf32x,org.eclipse.pde.ui.tests.model.xml,ExtensionAttributeTestCase,testRemoveExtensionAttribute2,8,1,1
eclipse.pde.ui-20070413_perf32x,org.eclipse.pde.ui.tests.model.xml,ExtensionAttributeTestCase,testRemoveExtensionAttribute3,8,1,1
eclipse.pde.ui-20070413_perf32x,org.eclipse.pde.ui.tests.model.xml,ExtensionAttributeTestCase,testRemoveMultipleExtensionAttributes1LF,3,1,0
eclipse.pde.ui-20070413_perf32x,org.eclipse.pde.ui.tests.model.xml,ExtensionAttributeTestCase,testRemoveMultipleExtensionAttributes2LF,3,1,0
eclipse.pde.ui-20070413_perf32x,org.eclipse.pde.ui.tests.model.xml,ExtensionAttributeTestCase,testRemoveMultipleExtensionAttributes3LF,3,1,0
eclipse.pde.ui-20070413_perf32x,org.eclipse.pde.ui.tests.model.xml,ExtensionAttributeTestCase,testRemoveMultipleExtensionAttributes1CRLF,3,1,0
eclipse.pde.ui-20070413_perf32x,org.eclipse.pde.ui.tests.model.xml,ExtensionAttributeTestCase,testRemoveMultipleExtensionAttributes2CRLF,3,1,0
eclipse.pde.ui-20070413_perf32x,org.eclipse.pde.ui.tests.model.xml,ExtensionAttributeTestCase,testRemoveMultipleExtensionAttributes3CRLF,3,1,0
eclipse.pde.ui-20070413_perf32x,org.eclipse.pde.ui.tests.model.xml,ExtensionAttributeTestCase,testRemoveMultipleExtensionAttributes1,5,1,1
eclipse.pde.ui-20070413_perf32x,org.eclipse.pde.ui.tests.model.xml,ExtensionAttributeTestCase,testRemoveMultipleExtensionAttributes2,8,1,1
eclipse.pde.ui-20070413_perf32x,org.eclipse.pde.ui.tests.model.xml,ExtensionAttributeTestCase,testRemoveMultipleExtensionAttributes3,8,1,1
eclipse.pde.ui-20070413_perf32x,org.eclipse.pde.ui.tests.model.xml,ExtensionAttributeTestCase,testChangeExtensionAttribute1LF,3,1,0
eclipse.pde.ui-20070413_perf32x,org.eclipse.pde.ui.tests.model.xml,ExtensionAttributeTestCase,testChangeExtensionAttribute2LF,3,1,0
eclipse.pde.ui-20070413_perf32x,org.eclipse.pde.ui.tests.model.xml,ExtensionAttributeTestCase,testChangeExtensionAttribute3LF,3,1,0
eclipse.pde.ui-20070413_perf32x,org.eclipse.pde.ui.tests.model.xml,ExtensionAttributeTestCase,testChangeExtensionAttribute1CRLF,3,1,0
eclipse.pde.ui-20070413_perf32x,org.eclipse.pde.ui.tests.model.xml,ExtensionAttributeTestCase,testChangeExtensionAttribute2CRLF,3,1,0
eclipse.pde.ui-20070413_perf32x,org.eclipse.pde.ui.tests.model.xml,ExtensionAttributeTestCase,testChangeExtensionAttribute3CRLF,3,1,0
eclipse.pde.ui-20070413_perf32x,org.eclipse.pde.ui.tests.model.xml,ExtensionAttributeTestCase,testChangeExtensionAttribute1,5,1,1
eclipse.pde.ui-20070413_perf32x,org.eclipse.pde.ui.tests.model.xml,ExtensionAttributeTestCase,testChangeExtensionAttribute2,8,1,1
eclipse.pde.ui-20070413_perf32x,org.eclipse.pde.ui.tests.model.xml,ExtensionAttributeTestCase,testChangeExtensionAttribute3,8,1,1
eclipse.pde.ui-20070413_perf32x,org.eclipse.pde.ui.tests.model.xml,ExtensionAttributeTestCase,testAddNewExtensionAttribute,17,1,2
eclipse.pde.ui-20070413_perf32x,org.eclipse.pde.ui.tests.model.xml,ExtensionAttributeTestCase,testAddExtensionAttribute,19,1,2
eclipse.pde.ui-20070413_perf32x,org.eclipse.pde.ui.tests.model.xml,ExtensionAttributeTestCase,testAddNewMultipleExtensionAttributes,18,1,2
eclipse.pde.ui-20070413_perf32x,org.eclipse.pde.ui.tests.model.xml,ExtensionAttributeTestCase,testRemoveExtensionAttribute,17,1,2
eclipse.pde.ui-20070413_perf32x,org.eclipse.pde.ui.tests.model.xml,ExtensionAttributeTestCase,testRemoveMultipleExtensionAttributes,21,1,2
eclipse.pde.ui-20070413_perf32x,org.eclipse.pde.ui.tests.model.xml,ExtensionAttributeTestCase,testChangeExtensionAttribute,20,1,2
eclipse.pde.ui-20070413_perf32x,org.eclipse.pde.ui.tests.model.xml,ExtensionElementTestCase,suite,3,1,0
eclipse.pde.ui-20070413_perf32x,org.eclipse.pde.ui.tests.model.xml,ExtensionElementTestCase,testAddNewExtensionElement1LF,3,1,0
eclipse.pde.ui-20070413_perf32x,org.eclipse.pde.ui.tests.model.xml,ExtensionElementTestCase,testAddNewExtensionElement2LF,3,1,0
eclipse.pde.ui-20070413_perf32x,org.eclipse.pde.ui.tests.model.xml,ExtensionElementTestCase,testAddNewExtensionElement3LF,3,1,0
eclipse.pde.ui-20070413_perf32x,org.eclipse.pde.ui.tests.model.xml,ExtensionElementTestCase,testAddNewExtensionElement1CRLF,3,1,0
eclipse.pde.ui-20070413_perf32x,org.eclipse.pde.ui.tests.model.xml,ExtensionElementTestCase,testAddNewExtensionElement2CRLF,3,1,0
eclipse.pde.ui-20070413_perf32x,org.eclipse.pde.ui.tests.model.xml,ExtensionElementTestCase,testAddNewExtensionElement3CRLF,3,1,0
eclipse.pde.ui-20070413_perf32x,org.eclipse.pde.ui.tests.model.xml,ExtensionElementTestCase,testAddNewExtensionElement1,4,1,1
eclipse.pde.ui-20070413_perf32x,org.eclipse.pde.ui.tests.model.xml,ExtensionElementTestCase,testAddNewExtensionElement2,6,1,1
eclipse.pde.ui-20070413_perf32x,org.eclipse.pde.ui.tests.model.xml,ExtensionElementTestCase,testAddNewExtensionElement3,6,1,1
eclipse.pde.ui-20070413_perf32x,org.eclipse.pde.ui.tests.model.xml,ExtensionElementTestCase,testAddExtensionElement1LF,4,1,0
eclipse.pde.ui-20070413_perf32x,org.eclipse.pde.ui.tests.model.xml,ExtensionElementTestCase,testAddExtensionElement2LF,4,1,0
eclipse.pde.ui-20070413_perf32x,org.eclipse.pde.ui.tests.model.xml,ExtensionElementTestCase,testAddExtensionElement3LF,4,1,0
eclipse.pde.ui-20070413_perf32x,org.eclipse.pde.ui.tests.model.xml,ExtensionElementTestCase,testAddExtensionElement1CRLF,4,1,0
eclipse.pde.ui-20070413_perf32x,org.eclipse.pde.ui.tests.model.xml,ExtensionElementTestCase,testAddExtensionElement2CRLF,4,1,0
eclipse.pde.ui-20070413_perf32x,org.eclipse.pde.ui.tests.model.xml,ExtensionElementTestCase,testAddExtensionElement3CRLF,4,1,0
eclipse.pde.ui-20070413_perf32x,org.eclipse.pde.ui.tests.model.xml,ExtensionElementTestCase,getSingleElementBuffer1,3,1,1
eclipse.pde.ui-20070413_perf32x,org.eclipse.pde.ui.tests.model.xml,ExtensionElementTestCase,getSingleElementBuffer2,7,1,1
eclipse.pde.ui-20070413_perf32x,org.eclipse.pde.ui.tests.model.xml,ExtensionElementTestCase,getSingleElementBuffer3,7,1,1
eclipse.pde.ui-20070413_perf32x,org.eclipse.pde.ui.tests.model.xml,ExtensionElementTestCase,testAddNewMultipleExtensionElements1LF,3,1,0
eclipse.pde.ui-20070413_perf32x,org.eclipse.pde.ui.tests.model.xml,ExtensionElementTestCase,testAddNewMultipleExtensionElements2LF,3,1,0
eclipse.pde.ui-20070413_perf32x,org.eclipse.pde.ui.tests.model.xml,ExtensionElementTestCase,testAddNewMultipleExtensionElements3LF,3,1,0
eclipse.pde.ui-20070413_perf32x,org.eclipse.pde.ui.tests.model.xml,ExtensionElementTestCase,testAddNewMultipleExtensionElements1CRLF,3,1,0
eclipse.pde.ui-20070413_perf32x,org.eclipse.pde.ui.tests.model.xml,ExtensionElementTestCase,testAddNewMultipleExtensionElements2CRLF,3,1,0
eclipse.pde.ui-20070413_perf32x,org.eclipse.pde.ui.tests.model.xml,ExtensionElementTestCase,testAddNewMultipleExtensionElements3CRLF,3,1,0
eclipse.pde.ui-20070413_perf32x,org.eclipse.pde.ui.tests.model.xml,ExtensionElementTestCase,testAddNewMultipleExtensionElements1,4,1,1
eclipse.pde.ui-20070413_perf32x,org.eclipse.pde.ui.tests.model.xml,ExtensionElementTestCase,testAddNewMultipleExtensionElements2,6,1,1
eclipse.pde.ui-20070413_perf32x,org.eclipse.pde.ui.tests.model.xml,ExtensionElementTestCase,testAddNewMultipleExtensionElements3,6,1,1
eclipse.pde.ui-20070413_perf32x,org.eclipse.pde.ui.tests.model.xml,ExtensionElementTestCase,testAddMultipleExtensionElements1LF,4,1,0
eclipse.pde.ui-20070413_perf32x,org.eclipse.pde.ui.tests.model.xml,ExtensionElementTestCase,testAddMultipleExtensionElements2LF,4,1,0
eclipse.pde.ui-20070413_perf32x,org.eclipse.pde.ui.tests.model.xml,ExtensionElementTestCase,testAddMultipleExtensionElements3LF,4,1,0
eclipse.pde.ui-20070413_perf32x,org.eclipse.pde.ui.tests.model.xml,ExtensionElementTestCase,testAddMultipleExtensionElements1CRLF,4,1,0
eclipse.pde.ui-20070413_perf32x,org.eclipse.pde.ui.tests.model.xml,ExtensionElementTestCase,testAddMultipleExtensionElements2CRLF,4,1,0
eclipse.pde.ui-20070413_perf32x,org.eclipse.pde.ui.tests.model.xml,ExtensionElementTestCase,testAddMultipleExtensionElements3CRLF,4,1,0
eclipse.pde.ui-20070413_perf32x,org.eclipse.pde.ui.tests.model.xml,ExtensionElementTestCase,testRemoveExtensionElement1LF,4,1,0
eclipse.pde.ui-20070413_perf32x,org.eclipse.pde.ui.tests.model.xml,ExtensionElementTestCase,testRemoveExtensionElement2LF,4,1,0
eclipse.pde.ui-20070413_perf32x,org.eclipse.pde.ui.tests.model.xml,ExtensionElementTestCase,testRemoveExtensionElement3LF,4,1,0
eclipse.pde.ui-20070413_perf32x,org.eclipse.pde.ui.tests.model.xml,ExtensionElementTestCase,testRemoveExtensionElement1CRLF,4,1,0
eclipse.pde.ui-20070413_perf32x,org.eclipse.pde.ui.tests.model.xml,ExtensionElementTestCase,testRemoveExtensionElement2CRLF,4,1,0
eclipse.pde.ui-20070413_perf32x,org.eclipse.pde.ui.tests.model.xml,ExtensionElementTestCase,testRemoveExtensionElement3CRLF,4,1,0
eclipse.pde.ui-20070413_perf32x,org.eclipse.pde.ui.tests.model.xml,ExtensionElementTestCase,testRemoveMultipleExtensionElements1LF,3,1,0
eclipse.pde.ui-20070413_perf32x,org.eclipse.pde.ui.tests.model.xml,ExtensionElementTestCase,testRemoveMultipleExtensionElements2LF,3,1,0
eclipse.pde.ui-20070413_perf32x,org.eclipse.pde.ui.tests.model.xml,ExtensionElementTestCase,testRemoveMultipleExtensionElements3LF,3,1,0
eclipse.pde.ui-20070413_perf32x,org.eclipse.pde.ui.tests.model.xml,ExtensionElementTestCase,testRemoveMultipleExtensionElements1CRLF,3,1,0
eclipse.pde.ui-20070413_perf32x,org.eclipse.pde.ui.tests.model.xml,ExtensionElementTestCase,testRemoveMultipleExtensionElements2CRLF,3,1,0
eclipse.pde.ui-20070413_perf32x,org.eclipse.pde.ui.tests.model.xml,ExtensionElementTestCase,testRemoveMultipleExtensionElements3CRLF,3,1,0
eclipse.pde.ui-20070413_perf32x,org.eclipse.pde.ui.tests.model.xml,ExtensionElementTestCase,testRemoveMultipleExtensionElements1,5,1,1
eclipse.pde.ui-20070413_perf32x,org.eclipse.pde.ui.tests.model.xml,ExtensionElementTestCase,testRemoveMultipleExtensionElements2,12,1,1
eclipse.pde.ui-20070413_perf32x,org.eclipse.pde.ui.tests.model.xml,ExtensionElementTestCase,testRemoveMultipleExtensionElements3,10,1,1
eclipse.pde.ui-20070413_perf32x,org.eclipse.pde.ui.tests.model.xml,ExtensionElementTestCase,testAddNewExtensionElement,14,1,2
eclipse.pde.ui-20070413_perf32x,org.eclipse.pde.ui.tests.model.xml,ExtensionElementTestCase,testAddExtensionElement,12,1,2
eclipse.pde.ui-20070413_perf32x,org.eclipse.pde.ui.tests.model.xml,ExtensionElementTestCase,testAddNewMultipleExtensionElements,11,1,2
eclipse.pde.ui-20070413_perf32x,org.eclipse.pde.ui.tests.model.xml,ExtensionElementTestCase,testAddMultipleExtensionElements,13,1,2
eclipse.pde.ui-20070413_perf32x,org.eclipse.pde.ui.tests.model.xml,ExtensionElementTestCase,testRemoveExtensionElement,12,1,2
eclipse.pde.ui-20070413_perf32x,org.eclipse.pde.ui.tests.model.xml,ExtensionElementTestCase,testRemoveMulitpleExtensionElements,18,1,2
eclipse.pde.ui-20070413_perf32x,org.eclipse.pde.ui.tests.model.xml,ExtensionElementTestCase,createElement,5,1,2
eclipse.pde.ui-20070413_perf32x,org.eclipse.pde.ui.tests.model.xml,ExtensionTestCase,reloadModel,7,1,1
eclipse.pde.ui-20070413_perf32x,org.eclipse.pde.ui.tests.model.xml,StructureXMLModelTestCase,suite,3,1,0
eclipse.pde.ui-20070413_perf32x,org.eclipse.pde.ui.tests.model.xml,StructureXMLModelTestCase,testStructureAddExtensionLF,3,1,0
eclipse.pde.ui-20070413_perf32x,org.eclipse.pde.ui.tests.model.xml,StructureXMLModelTestCase,testStructureAddExtensionCRLF,3,1,0
eclipse.pde.ui-20070413_perf32x,org.eclipse.pde.ui.tests.model.xml,StructureXMLModelTestCase,testStructureAddElementLF,3,1,0
eclipse.pde.ui-20070413_perf32x,org.eclipse.pde.ui.tests.model.xml,StructureXMLModelTestCase,testStructureAddElementCRLF,3,1,0
eclipse.pde.ui-20070413_perf32x,org.eclipse.pde.ui.tests.model.xml,StructureXMLModelTestCase,testStructureAddAttributeLF,3,1,0
eclipse.pde.ui-20070413_perf32x,org.eclipse.pde.ui.tests.model.xml,StructureXMLModelTestCase,testStructureAddAttributeCRLF,3,1,0
eclipse.pde.ui-20070413_perf32x,org.eclipse.pde.ui.tests.model.xml,StructureXMLModelTestCase,testStructureBreakOpenElementLF,3,1,0
eclipse.pde.ui-20070413_perf32x,org.eclipse.pde.ui.tests.model.xml,StructureXMLModelTestCase,testStructureBreakOpenElementCRLF,3,1,0
eclipse.pde.ui-20070413_perf32x,org.eclipse.pde.ui.tests.model.xml,StructureXMLModelTestCase,testStructurePreserveCommentInRootLF,3,1,0
eclipse.pde.ui-20070413_perf32x,org.eclipse.pde.ui.tests.model.xml,StructureXMLModelTestCase,testStructurePreserveCommentInRootCRLF,3,1,0
eclipse.pde.ui-20070413_perf32x,org.eclipse.pde.ui.tests.model.xml,StructureXMLModelTestCase,testStructurePreserveCommentInExtensionLF,3,1,0
eclipse.pde.ui-20070413_perf32x,org.eclipse.pde.ui.tests.model.xml,StructureXMLModelTestCase,testStructurePreserveCommentInExtensionCRLF,3,1,0
eclipse.pde.ui-20070413_perf32x,org.eclipse.pde.ui.tests.model.xml,StructureXMLModelTestCase,addExtension,41,1,1
eclipse.pde.ui-20070413_perf32x,org.eclipse.pde.ui.tests.model.xml,StructureXMLModelTestCase,addElement,37,1,1
eclipse.pde.ui-20070413_perf32x,org.eclipse.pde.ui.tests.model.xml,StructureXMLModelTestCase,addAttributesToElement,53,1,1
eclipse.pde.ui-20070413_perf32x,org.eclipse.pde.ui.tests.model.xml,StructureXMLModelTestCase,breakOpenElement,53,1,1
eclipse.pde.ui-20070413_perf32x,org.eclipse.pde.ui.tests.model.xml,StructureXMLModelTestCase,preserveCommentAddExtension,15,1,1
eclipse.pde.ui-20070413_perf32x,org.eclipse.pde.ui.tests.model.xml,StructureXMLModelTestCase,preserveContainedCommentAddElement,22,1,1
eclipse.pde.ui-20070413_perf32x,org.eclipse.pde.ui.tests.model.xml,SwapXMLModelTestCase,suite,3,1,0
eclipse.pde.ui-20070413_perf32x,org.eclipse.pde.ui.tests.model.xml,SwapXMLModelTestCase,testSwapTwoChildren,8,1,0
eclipse.pde.ui-20070413_perf32x,org.eclipse.pde.ui.tests.model.xml,SwapXMLModelTestCase,testSwapTwoChildren2,12,1,0
eclipse.pde.ui-20070413_perf32x,org.eclipse.pde.ui.tests.model.xml,SwapXMLModelTestCase,testSwapTwoChildren3,12,1,0
eclipse.pde.ui-20070413_perf32x,org.eclipse.pde.ui.tests.model.xml,SwapXMLModelTestCase,testSwapTwoChildren4,10,1,0
eclipse.pde.ui-20070413_perf32x,org.eclipse.pde.ui.tests.model.xml,SwapXMLModelTestCase,testSwapTwoChildren5,11,1,0
eclipse.pde.ui-20070413_perf32x,org.eclipse.pde.ui.tests.model.xml,SwapXMLModelTestCase,twoChildSwap,21,1,0
eclipse.pde.ui-20070413_perf32x,org.eclipse.pde.ui.tests.model.xml,XMLModelTestCase,setUp,3,1,0
eclipse.pde.ui-20070413_perf32x,org.eclipse.pde.ui.tests.model.xml,XMLModelTestCase,load,3,1,0
eclipse.pde.ui-20070413_perf32x,org.eclipse.pde.ui.tests.model.xml,XMLModelTestCase,load,14,3,1
eclipse.pde.ui-20070413_perf32x,org.eclipse.pde.ui.tests.model.xml,XMLModelTestCase,setXMLContents,14,2,2
eclipse.pde.ui-20070413_perf32x,org.eclipse.pde.ui.tests.model.xml,XMLModelTestCase,reload,17,3,1
eclipse.pde.ui-20070413_perf32x,org.eclipse.pde.ui.tests.performance,PDEPerformanceTests,suite,7,1,0
eclipse.pde.ui-20070413_perf32x,org.eclipse.pde.ui.tests.performance.parts,AbstractSchemaPerfTest,setUp,5,1,0
eclipse.pde.ui-20070413_perf32x,org.eclipse.pde.ui.tests.performance.parts,AbstractSchemaPerfTest,setUpIterations,5,1,0
eclipse.pde.ui-20070413_perf32x,org.eclipse.pde.ui.tests.performance.parts,AbstractSchemaPerfTest,setUpSchemaFile,11,5,0
eclipse.pde.ui-20070413_perf32x,org.eclipse.pde.ui.tests.performance.parts,AbstractSchemaPerfTest,executeTestRun,14,4,0
eclipse.pde.ui-20070413_perf32x,org.eclipse.pde.ui.tests.performance.parts,AbstractSchemaPerfTest,executeTest,0,1,0
eclipse.pde.ui-20070413_perf32x,org.eclipse.pde.ui.tests.performance.parts,OpenManifestEditorPerfTest,suite,3,1,0
eclipse.pde.ui-20070413_perf32x,org.eclipse.pde.ui.tests.performance.parts,OpenManifestEditorPerfTest,setUp,7,1,0
eclipse.pde.ui-20070413_perf32x,org.eclipse.pde.ui.tests.performance.parts,OpenManifestEditorPerfTest,getBundle,11,3,0
eclipse.pde.ui-20070413_perf32x,org.eclipse.pde.ui.tests.performance.parts,OpenManifestEditorPerfTest,getFile,11,3,2
eclipse.pde.ui-20070413_perf32x,org.eclipse.pde.ui.tests.performance.parts,OpenManifestEditorPerfTest,testEditorOpenXML,4,1,0
eclipse.pde.ui-20070413_perf32x,org.eclipse.pde.ui.tests.performance.parts,OpenManifestEditorPerfTest,testEditorOpenMF,4,1,0
eclipse.pde.ui-20070413_perf32x,org.eclipse.pde.ui.tests.performance.parts,OpenManifestEditorPerfTest,executeTestRun,15,3,1
eclipse.pde.ui-20070413_perf32x,org.eclipse.pde.ui.tests.performance.parts,OpenManifestEditorPerfTest,openEditor,3,1,1
eclipse.pde.ui-20070413_perf32x,org.eclipse.pde.ui.tests.performance.parts,OpenManifestEditorPerfTest,closeEditor,3,1,1
eclipse.pde.ui-20070413_perf32x,org.eclipse.pde.ui.tests.performance.parts,SchemaLoaderPerfTest,suite,3,1,0
eclipse.pde.ui-20070413_perf32x,org.eclipse.pde.ui.tests.performance.parts,SchemaLoaderPerfTest,testSchemaUnabbreviated,8,1,0
eclipse.pde.ui-20070413_perf32x,org.eclipse.pde.ui.tests.performance.parts,SchemaLoaderPerfTest,testSchemaAbbreviated,8,1,0
eclipse.pde.ui-20070413_perf32x,org.eclipse.pde.ui.tests.performance.parts,SchemaLoaderPerfTest,executeTest,7,2,0
eclipse.pde.ui-20070413_perf32x,org.eclipse.pde.ui.tests.performance.parts,SchemaTraversePerfTest,suite,3,1,0
eclipse.pde.ui-20070413_perf32x,org.eclipse.pde.ui.tests.performance.parts,SchemaTraversePerfTest,setUpIterations,5,1,0
eclipse.pde.ui-20070413_perf32x,org.eclipse.pde.ui.tests.performance.parts,SchemaTraversePerfTest,setUp,4,1,0
eclipse.pde.ui-20070413_perf32x,org.eclipse.pde.ui.tests.performance.parts,SchemaTraversePerfTest,setUpParser,3,1,0
eclipse.pde.ui-20070413_perf32x,org.eclipse.pde.ui.tests.performance.parts,SchemaTraversePerfTest,testSchemaTraverse,4,1,0
eclipse.pde.ui-20070413_perf32x,org.eclipse.pde.ui.tests.performance.parts,SchemaTraversePerfTest,executeTest,10,2,0
eclipse.pde.ui-20070413_perf32x,org.eclipse.pde.ui.tests.performance.parts,SchemaTraversePerfTest,getInputStream,4,2,0
eclipse.pde.ui-20070413_perf32x,org.eclipse.pde.ui.tests.target,AllTargetTests,suite,5,1,0
eclipse.pde.ui-20070413_perf32x,org.eclipse.pde.ui.tests.target,TargetEnvironmentTestCase,suite,3,1,0
eclipse.pde.ui-20070413_perf32x,org.eclipse.pde.ui.tests.target,TargetEnvironmentTestCase,testOS,3,1,0
eclipse.pde.ui-20070413_perf32x,org.eclipse.pde.ui.tests.target,TargetEnvironmentTestCase,testWS,3,1,0
eclipse.pde.ui-20070413_perf32x,org.eclipse.pde.ui.tests.target,TargetEnvironmentTestCase,testArch,3,1,0
eclipse.pde.ui-20070413_perf32x,org.eclipse.pde.ui.tests.target,TargetEnvironmentTestCase,testNL,3,1,0
eclipse.pde.ui-20070413_perf32x,org.eclipse.pde.ui.tests.target,TargetEnvironmentTestCase,testEnvironmentDictionarySize,4,1,0
eclipse.pde.ui-20070413_perf32x,org.eclipse.pde.ui.tests.target,TargetEnvironmentTestCase,testDictionaryOS,4,1,0
eclipse.pde.ui-20070413_perf32x,org.eclipse.pde.ui.tests.target,TargetEnvironmentTestCase,testDictionaryWS,4,1,0
eclipse.pde.ui-20070413_perf32x,org.eclipse.pde.ui.tests.target,TargetEnvironmentTestCase,testDictionaryArch,4,1,0
eclipse.pde.ui-20070413_perf32x,org.eclipse.pde.ui.tests.target,TargetEnvironmentTestCase,testDictionaryNL,4,1,0
eclipse.pde.ui-20070413_perf32x,org.eclipse.pde.ui.tests.target,TargetEnvironmentTestCase,testResolveOptional,4,1,0
eclipse.pde.ui-20070413_perf32x,org.eclipse.pde.ui.tests.target,TargetEnvironmentTestCase,testStateDictionaryNumber,5,1,0
eclipse.pde.ui-20070413_perf32x,org.eclipse.pde.ui.tests.target,TargetEnvironmentTestCase,testStateDictionaryLength,5,2,0
eclipse.pde.ui-20070413_perf32x,org.eclipse.pde.ui.tests.target,TargetEnvironmentTestCase,testSystemPackages,4,2,0
eclipse.pde.ui-20070413_perf32x,org.eclipse.pde.ui.tests.target,TargetEnvironmentTestCase,testExecutionEnvironment,4,2,0
eclipse.pde.ui-20070413_perf32x,org.eclipse.pde.ui.tests.wizards,AllNewProjectTests,suite,6,1,0
eclipse.pde.ui-20070413_perf32x,org.eclipse.pde.ui.tests.wizards,NewFeatureProjectTestCase,createDefaultFeatureData,7,1,0
eclipse.pde.ui-20070413_perf32x,org.eclipse.pde.ui.tests.wizards,NewFeatureProjectTestCase,suite,3,1,0
eclipse.pde.ui-20070413_perf32x,org.eclipse.pde.ui.tests.wizards,NewFeatureProjectTestCase,getProjectName,3,1,0
eclipse.pde.ui-20070413_perf32x,org.eclipse.pde.ui.tests.wizards,NewFeatureProjectTestCase,createFeature,19,4,3
eclipse.pde.ui-20070413_perf32x,org.eclipse.pde.ui.tests.wizards,NewFeatureProjectTestCase,verifyFeatureNature,3,1,0
eclipse.pde.ui-20070413_perf32x,org.eclipse.pde.ui.tests.wizards,NewFeatureProjectTestCase,testCreationFeatureProject,5,1,0
eclipse.pde.ui-20070413_perf32x,org.eclipse.pde.ui.tests.wizards,NewFeatureProjectTestCase,testCreationFeaturePatch,7,2,0
eclipse.pde.ui-20070413_perf32x,org.eclipse.pde.ui.tests.wizards,NewFeatureProjectTestCase,testFeatureProjectData,2,1,0
eclipse.pde.ui-20070413_perf32x,org.eclipse.pde.ui.tests.wizards,NewFeatureProjectTestCase,testSimpleFeature,5,1,0
eclipse.pde.ui-20070413_perf32x,org.eclipse.pde.ui.tests.wizards,NewFeatureProjectTestCase,testJavaFeature,8,1,0
eclipse.pde.ui-20070413_perf32x,org.eclipse.pde.ui.tests.wizards,NewFeatureProjectTestCase,testPluginFeature,12,1,0
eclipse.pde.ui-20070413_perf32x,org.eclipse.pde.ui.tests.wizards,NewFeatureProjectTestCase,testModelCount,8,1,0
eclipse.pde.ui-20070413_perf32x,org.eclipse.pde.ui.tests.wizards,NewFeatureProjectTestCase,testMaskingFeature,14,1,0
eclipse.pde.ui-20070413_perf32x,org.eclipse.pde.ui.tests.wizards,NewSiteProjectTestCase,suite,3,1,0
eclipse.pde.ui-20070413_perf32x,org.eclipse.pde.ui.tests.wizards,NewSiteProjectTestCase,setUp,14,3,0
eclipse.pde.ui-20070413_perf32x,org.eclipse.pde.ui.tests.wizards,NewSiteProjectTestCase,tearDown,12,2,0
eclipse.pde.ui-20070413_perf32x,org.eclipse.pde.ui.tests.wizards,NewSiteProjectTestCase,createSite,5,1,3
eclipse.pde.ui-20070413_perf32x,org.eclipse.pde.ui.tests.wizards,NewSiteProjectTestCase,ensureCreated,16,1,1
eclipse.pde.ui-20070413_perf32x,org.eclipse.pde.ui.tests.wizards,NewSiteProjectTestCase,testExistingSiteProject,16,1,0
eclipse.pde.ui-20070413_perf32x,org.eclipse.pde.ui.tests.wizards,NewSiteProjectTestCase,testSiteProject,14,1,0
eclipse.pde.ui-20070413_perf32x,org.eclipse.pde.ui.tests.wizards,NewSiteProjectTestCase,testSiteProjectWithWeb,18,1,0
