Project Name,Package Name,Type Name,Method Name,Code Smell
eclipse.pde.ui-20011204,org.eclipse.pde.internal.runtime,OverlayIcon,drawBottomLeft,Magic Number
eclipse.pde.ui-20011204,org.eclipse.pde.internal.runtime,OverlayIcon,drawBottomRight,Magic Number
eclipse.pde.ui-20011204,org.eclipse.pde.internal.runtime,OverlayIcon,drawCompositeImage,Magic Number
eclipse.pde.ui-20011204,org.eclipse.pde.internal.runtime,OverlayIcon,drawCompositeImage,Magic Number
eclipse.pde.ui-20011204,org.eclipse.pde.internal.runtime,OverlayIcon,drawCompositeImage,Magic Number
eclipse.pde.ui-20011204,org.eclipse.pde.internal.runtime,OverlayIcon,drawCompositeImage,Magic Number
eclipse.pde.ui-20011204,org.eclipse.pde.internal.runtime,OverlayIcon,drawTopLeft,Magic Number
eclipse.pde.ui-20011204,org.eclipse.pde.internal.runtime,OverlayIcon,drawTopRight,Magic Number
eclipse.pde.ui-20011204,org.eclipse.pde.internal.runtime,PDERuntimePlugin,getResourceString,Empty catch clause
eclipse.pde.ui-20011204,org.eclipse.pde.internal.runtime.logview,LogView,createPartControl,Magic Number
eclipse.pde.ui-20011204,org.eclipse.pde.internal.runtime.logview,LogView,createPartControl,Magic Number
eclipse.pde.ui-20011204,org.eclipse.pde.internal.runtime.logview,LogView,createPartControl,Magic Number
eclipse.pde.ui-20011204,org.eclipse.pde.internal.runtime.logview,LogView,createPartControl,Magic Number
eclipse.pde.ui-20011204,org.eclipse.pde.internal.runtime.logview,LogViewLabelProvider,getColumnText,Magic Number
eclipse.pde.ui-20011204,org.eclipse.pde.internal.runtime.logview,LogViewLabelProvider,getColumnText,Magic Number
eclipse.pde.ui-20011204,org.eclipse.pde.internal.runtime.logview,StatusPropertyPage,createContents,Empty catch clause
eclipse.pde.ui-20011204,org.eclipse.pde.internal.runtime.logview,StatusPropertyPage,createContents,Magic Number
eclipse.pde.ui-20011204,org.eclipse.pde.internal.runtime.logview,StatusPropertyPage,createContents,Magic Number
eclipse.pde.ui-20011204,org.eclipse.pde.internal.runtime.logview,StatusPropertyPage,createContents,Magic Number
eclipse.pde.ui-20011204,org.eclipse.pde.internal.runtime.logview,StatusPropertyPage,createContents,Magic Number
eclipse.pde.ui-20011204,org.eclipse.pde.internal.runtime.logview,StatusPropertyPage,createContents,Magic Number
eclipse.pde.ui-20011204,org.eclipse.pde.internal.runtime.logview,StatusPropertyPage,createContents,Magic Number
eclipse.pde.ui-20011204,org.eclipse.pde.internal.runtime.registry,PrerequisitePropertySource,getPropertyDescriptors,Long Statement
eclipse.pde.ui-20011204,org.eclipse.pde.internal.runtime.registry,RegistryBrowserContentProvider,createPluginFolders,Magic Number
eclipse.pde.ui-20011204,org.eclipse.pde.internal.runtime.registry,RegistryBrowserContentProvider,createPluginFolders,Magic Number
eclipse.pde.ui-20011204,org.eclipse.pde.internal.runtime.registry,RegistryBrowserContentProvider,createPluginFolders,Magic Number
eclipse.pde.ui-20011204,org.eclipse.pde.internal.runtime.registry,RegistryBrowserContentProvider,getChildren,Complex Method
eclipse.pde.ui-20011204,org.eclipse.pde.internal.runtime.registry,RegistryBrowserLabelProvider,RegistryBrowserLabelProvider,Long Statement
eclipse.pde.ui-20011204,org.eclipse.pde.internal.runtime.registry,RegistryBrowserLabelProvider,getImage,Complex Method
eclipse.pde.ui-20011204,org.eclipse.pde.internal.runtime.registry,RegistryBrowserLabelProvider,getText,Complex Method
eclipse.pde.ui-20011204,org.eclipse.pde.internal.runtime.registry,RegistryPropertySourceFactory,getPropertySource,Complex Method
eclipse.pde.ui-20011204,org.eclipse.pde.internal,ExternalModelManager,getPluginPaths,Long Statement
eclipse.pde.ui-20011204,org.eclipse.pde.internal,ExternalModelManager,processPluginDirectory,Empty catch clause
eclipse.pde.ui-20011204,org.eclipse.pde.internal,OverlayIcon,drawBottomLeft,Magic Number
eclipse.pde.ui-20011204,org.eclipse.pde.internal,OverlayIcon,drawBottomRight,Magic Number
eclipse.pde.ui-20011204,org.eclipse.pde.internal,OverlayIcon,drawCompositeImage,Magic Number
eclipse.pde.ui-20011204,org.eclipse.pde.internal,OverlayIcon,drawCompositeImage,Magic Number
eclipse.pde.ui-20011204,org.eclipse.pde.internal,OverlayIcon,drawCompositeImage,Magic Number
eclipse.pde.ui-20011204,org.eclipse.pde.internal,OverlayIcon,drawCompositeImage,Magic Number
eclipse.pde.ui-20011204,org.eclipse.pde.internal,OverlayIcon,drawTopLeft,Magic Number
eclipse.pde.ui-20011204,org.eclipse.pde.internal,OverlayIcon,drawTopRight,Magic Number
eclipse.pde.ui-20011204,org.eclipse.pde.internal,PDEPerspective,createInitialLayout,Magic Number
eclipse.pde.ui-20011204,org.eclipse.pde.internal,PDEPerspective,createInitialLayout,Magic Number
eclipse.pde.ui-20011204,org.eclipse.pde.internal,PDEPerspective,createInitialLayout,Magic Number
eclipse.pde.ui-20011204,org.eclipse.pde.internal,PDEPerspective,createInitialLayout,Magic Number
eclipse.pde.ui-20011204,org.eclipse.pde.internal,PDEPlugin,getResourceString,Empty catch clause
eclipse.pde.ui-20011204,org.eclipse.pde.internal,PDEPluginImages,getImageDescriptorFromPlugin,Empty catch clause
eclipse.pde.ui-20011204,org.eclipse.pde.internal,PDEPluginImages,getImageFromPlugin,Empty catch clause
eclipse.pde.ui-20011204,org.eclipse.pde.internal,Sorter,quickSort,Magic Number
eclipse.pde.ui-20011204,org.eclipse.pde.internal,TracingOptionsManager,getOptions,Empty catch clause
eclipse.pde.ui-20011204,org.eclipse.pde.internal,TracingOptionsManager,openInputStream,Empty catch clause
eclipse.pde.ui-20011204,org.eclipse.pde.internal,TracingOptionsManager,openInputStream,Empty catch clause
eclipse.pde.ui-20011204,org.eclipse.pde.internal,WorkspaceModelManager,handleProjectDelta,Empty catch clause
eclipse.pde.ui-20011204,org.eclipse.pde.internal,WorkspaceModelManager,loadWorkspaceModel,Empty catch clause
eclipse.pde.ui-20011204,org.eclipse.pde.internal,WorkspaceModelManager,reloadWorkspaceModel,Empty catch clause
eclipse.pde.ui-20011204,org.eclipse.pde.internal.base,BuildPathUtil,addJRE,Magic Number
eclipse.pde.ui-20011204,org.eclipse.pde.internal.builders,ComponentConsistencyChecker,checkFile,Empty catch clause
eclipse.pde.ui-20011204,org.eclipse.pde.internal.builders,ComponentConsistencyChecker,checkFile,Empty catch clause
eclipse.pde.ui-20011204,org.eclipse.pde.internal.builders,ComponentConsistencyChecker,testPluginReferences,Long Identifier
eclipse.pde.ui-20011204,org.eclipse.pde.internal.builders,ExtensionPointSchemaBuilder,compileSchemasIn,Long Identifier
eclipse.pde.ui-20011204,org.eclipse.pde.internal.builders,ManifestParser,parse,Empty catch clause
eclipse.pde.ui-20011204,org.eclipse.pde.internal.builders,ManifestParser,parse,Empty catch clause
eclipse.pde.ui-20011204,org.eclipse.pde.internal.builders,ManifestParser,parse,Empty catch clause
eclipse.pde.ui-20011204,org.eclipse.pde.internal.builders,SchemaTransformer,createDOMTree,Empty catch clause
eclipse.pde.ui-20011204,org.eclipse.pde.internal.builders,SchemaTransformer,isPreEnd,Magic Number
eclipse.pde.ui-20011204,org.eclipse.pde.internal.builders,SchemaTransformer,isPreEnd,Magic Number
eclipse.pde.ui-20011204,org.eclipse.pde.internal.builders,SchemaTransformer,isPreStart,Magic Number
eclipse.pde.ui-20011204,org.eclipse.pde.internal.builders,SchemaTransformer,isPreStart,Magic Number
eclipse.pde.ui-20011204,org.eclipse.pde.internal.builders,SchemaTransformer,verifyAttribute,Complex Method
eclipse.pde.ui-20011204,org.eclipse.pde.internal.builders,SchemaTransformer,transformText,Complex Method
eclipse.pde.ui-20011204,org.eclipse.pde.internal.builders,SchemaTransformer,transformText,Magic Number
eclipse.pde.ui-20011204,org.eclipse.pde.internal.builders,SchemaTransformer,transformText,Magic Number
eclipse.pde.ui-20011204,org.eclipse.pde.internal.builders,SchemaTransformer,transformText,Missing default
eclipse.pde.ui-20011204,org.eclipse.pde.internal.codegen,AttributeClassCodeGenerator,addRequiredMethodsFor,Complex Method
eclipse.pde.ui-20011204,org.eclipse.pde.internal.codegen,AttributeClassCodeGenerator,calculateReturnValue,Complex Method
eclipse.pde.ui-20011204,org.eclipse.pde.internal.codegen,AttributeClassCodeGenerator,calculateReturnValue,Missing default
eclipse.pde.ui-20011204,org.eclipse.pde.internal.codegen,AttributeClassCodeGenerator,findMatchingMethod,Long Statement
eclipse.pde.ui-20011204,org.eclipse.pde.internal.codegen,AttributeClassCodeGenerator,findRequiredMethods,Complex Conditional
eclipse.pde.ui-20011204,org.eclipse.pde.internal.codegen,AttributeClassCodeGenerator,findRequiredMethods,Long Statement
eclipse.pde.ui-20011204,org.eclipse.pde.internal.codegen,AttributeClassCodeGenerator,generateContents,Long Statement
eclipse.pde.ui-20011204,org.eclipse.pde.internal.codegen,AttributeClassCodeGenerator,parseSignature,Complex Method
eclipse.pde.ui-20011204,org.eclipse.pde.internal.codegen,JavaCodeGenerator,generate,Empty catch clause
eclipse.pde.ui-20011204,org.eclipse.pde.internal.component,BuildComponentJarAction,run,Magic Number
eclipse.pde.ui-20011204,org.eclipse.pde.internal.component,BuildComponentJarAction,run,Magic Number
eclipse.pde.ui-20011204,org.eclipse.pde.internal.component,BuildConsoleViewer,append,Empty catch clause
eclipse.pde.ui-20011204,org.eclipse.pde.internal.component,BuildPluginAction,run,Magic Number
eclipse.pde.ui-20011204,org.eclipse.pde.internal.component,BuildPluginAction,run,Magic Number
eclipse.pde.ui-20011204,org.eclipse.pde.internal.component,BuildPluginWizardPage,messageLogged,Complex Conditional
eclipse.pde.ui-20011204,org.eclipse.pde.internal.component,BuildPluginWizardPage,messageLogged,Long Statement
eclipse.pde.ui-20011204,org.eclipse.pde.internal.component,JarsBuildListener,messageLogged,Complex Conditional
eclipse.pde.ui-20011204,org.eclipse.pde.internal.component,JarsBuildListener,messageLogged,Long Statement
eclipse.pde.ui-20011204,org.eclipse.pde.internal.component,ComponentJarWizardPage,messageLogged,Complex Conditional
eclipse.pde.ui-20011204,org.eclipse.pde.internal.component,ComponentJarWizardPage,messageLogged,Long Statement
eclipse.pde.ui-20011204,org.eclipse.pde.internal.component,ComponentJarWizardPage,ensureValid,Long Statement
eclipse.pde.ui-20011204,org.eclipse.pde.internal.component,JarsBuildListener,messageLogged,Complex Conditional
eclipse.pde.ui-20011204,org.eclipse.pde.internal.component,JarsBuildListener,messageLogged,Long Statement
eclipse.pde.ui-20011204,org.eclipse.pde.internal.component,ComponentSpecPage,createControl,Magic Number
eclipse.pde.ui-20011204,org.eclipse.pde.internal.component,ComponentSpecPage,createControl,Magic Number
eclipse.pde.ui-20011204,org.eclipse.pde.internal.component,ComponentSpecPage,createControl,Magic Number
eclipse.pde.ui-20011204,org.eclipse.pde.internal.component,FragmentListPage,createControl,Magic Number
eclipse.pde.ui-20011204,org.eclipse.pde.internal.component,NewComponentProjectWizard,createComponentProject,Long Parameter List
eclipse.pde.ui-20011204,org.eclipse.pde.internal.component,NewComponentProjectWizard,createComponentProject,Magic Number
eclipse.pde.ui-20011204,org.eclipse.pde.internal.component,PluginListPage,createControl,Magic Number
eclipse.pde.ui-20011204,org.eclipse.pde.internal.editor,FormOutlinePage,createControl,Magic Number
eclipse.pde.ui-20011204,org.eclipse.pde.internal.editor,PDEEditorContributor,setActivePage,Complex Conditional
eclipse.pde.ui-20011204,org.eclipse.pde.internal.editor,PDEFormPage,PDEFormPage,Abstract Function Call From Constructor
eclipse.pde.ui-20011204,org.eclipse.pde.internal.editor,PDEFormPage,getContentOutlinePage,Complex Conditional
eclipse.pde.ui-20011204,org.eclipse.pde.internal.editor,PDEFormPage,getContentOutlinePage,Long Statement
eclipse.pde.ui-20011204,org.eclipse.pde.internal.editor,PDEFormPage,getPropertySheetPage,Complex Conditional
eclipse.pde.ui-20011204,org.eclipse.pde.internal.editor,PDEFormPage,getPropertySheetPage,Long Statement
eclipse.pde.ui-20011204,org.eclipse.pde.internal.editor,PDEMultiPageEditor,PDEMultiPageEditor,Abstract Function Call From Constructor
eclipse.pde.ui-20011204,org.eclipse.pde.internal.editor,PDEMultiPageEditor,doSave,Empty catch clause
eclipse.pde.ui-20011204,org.eclipse.pde.internal.editor,PDEMultiPageXMLEditor,setDocumentContent,Empty catch clause
eclipse.pde.ui-20011204,org.eclipse.pde.internal.editor,PDEMultiPageXMLEditor,setDocumentContent,Magic Number
eclipse.pde.ui-20011204,org.eclipse.pde.internal.editor,PDEMultiPageXMLEditor,doSaveDocument,Empty catch clause
eclipse.pde.ui-20011204,org.eclipse.pde.internal.editor,PDEMultiPageXMLEditor,doSaveDocument,Magic Number
eclipse.pde.ui-20011204,org.eclipse.pde.internal.editor,PDEMultiPageXMLEditor,doSaveDocument,Magic Number
eclipse.pde.ui-20011204,org.eclipse.pde.internal.editor,PDEMultiPageXMLEditor,doSaveDocument,Magic Number
eclipse.pde.ui-20011204,org.eclipse.pde.internal.editor,PDEMultiPageXMLEditor,createDocumentPartitioner,Long Statement
eclipse.pde.ui-20011204,org.eclipse.pde.internal.editor,UTF8FileDocumentProvider,setDocumentContent,Empty catch clause
eclipse.pde.ui-20011204,org.eclipse.pde.internal.editor,UTF8FileDocumentProvider,setDocumentContent,Magic Number
eclipse.pde.ui-20011204,org.eclipse.pde.internal.editor,UTF8FileDocumentProvider,doSaveDocument,Empty catch clause
eclipse.pde.ui-20011204,org.eclipse.pde.internal.editor,UTF8FileDocumentProvider,doSaveDocument,Magic Number
eclipse.pde.ui-20011204,org.eclipse.pde.internal.editor,UTF8FileDocumentProvider,doSaveDocument,Magic Number
eclipse.pde.ui-20011204,org.eclipse.pde.internal.editor,UTF8FileDocumentProvider,doSaveDocument,Magic Number
eclipse.pde.ui-20011204,org.eclipse.pde.internal.editor,PDESourcePage,warnErrorsInSource,Long Statement
eclipse.pde.ui-20011204,org.eclipse.pde.internal.editor,SubActionBars,setGlobalActionHandler,Magic Number
eclipse.pde.ui-20011204,org.eclipse.pde.internal.editor,XMLConfiguration,getPresentationReconciler,Long Statement
eclipse.pde.ui-20011204,org.eclipse.pde.internal.editor,XMLDoubleClickStrategy,matchComment,Empty catch clause
eclipse.pde.ui-20011204,org.eclipse.pde.internal.editor,XMLDoubleClickStrategy,matchWord,Empty catch clause
eclipse.pde.ui-20011204,org.eclipse.pde.internal.editor.build,BuildForm,createFormClient,Magic Number
eclipse.pde.ui-20011204,org.eclipse.pde.internal.editor.build,BuildForm,createFormClient,Magic Number
eclipse.pde.ui-20011204,org.eclipse.pde.internal.editor.build,BuildForm,createFormClient,Magic Number
eclipse.pde.ui-20011204,org.eclipse.pde.internal.editor.build,BuildPropertiesEditor,createResourceModel,Empty catch clause
eclipse.pde.ui-20011204,org.eclipse.pde.internal.editor.build,BuildPropertiesEditor,isModelDirty,Long Statement
eclipse.pde.ui-20011204,org.eclipse.pde.internal.editor.build,BuildPropertiesEditor,updateModel,Empty catch clause
eclipse.pde.ui-20011204,org.eclipse.pde.internal.editor.build,TokenSection,createClient,Magic Number
eclipse.pde.ui-20011204,org.eclipse.pde.internal.editor.build,TokenSection,createClient,Magic Number
eclipse.pde.ui-20011204,org.eclipse.pde.internal.editor.build,VariableSection,createClient,Magic Number
eclipse.pde.ui-20011204,org.eclipse.pde.internal.editor.build,VariableSection,createClient,Magic Number
eclipse.pde.ui-20011204,org.eclipse.pde.internal.editor.build,VariableSection,handleNew,Magic Number
eclipse.pde.ui-20011204,org.eclipse.pde.internal.editor.build,VariableSection,handleNew,Magic Number
eclipse.pde.ui-20011204,org.eclipse.pde.internal.editor.build,VariableSection,run,Magic Number
eclipse.pde.ui-20011204,org.eclipse.pde.internal.editor.build,VariableSection,run,Magic Number
eclipse.pde.ui-20011204,org.eclipse.pde.internal.editor.build,VariableSelectionDialog,createDialogArea,Magic Number
eclipse.pde.ui-20011204,org.eclipse.pde.internal.editor.build,VariableSelectionDialog,createDialogArea,Magic Number
eclipse.pde.ui-20011204,org.eclipse.pde.internal.editor.build,VariableSelectionDialog,createDialogArea,Magic Number
eclipse.pde.ui-20011204,org.eclipse.pde.internal.editor.component,BuildComponentAction,ensureContentSaved,Empty catch clause
eclipse.pde.ui-20011204,org.eclipse.pde.internal.editor.component,ComponentAdapterFactory,getProperties,Long Statement
eclipse.pde.ui-20011204,org.eclipse.pde.internal.editor.component,ComponentEditor,checkStaleReferences,Complex Method
eclipse.pde.ui-20011204,org.eclipse.pde.internal.editor.component,ComponentEditor,checkStaleReferences,Long Statement
eclipse.pde.ui-20011204,org.eclipse.pde.internal.editor.component,ComponentEditor,createPages,Long Statement
eclipse.pde.ui-20011204,org.eclipse.pde.internal.editor.component,ComponentEditor,doSave,Long Statement
eclipse.pde.ui-20011204,org.eclipse.pde.internal.editor.component,ComponentEditor,isModelDirty,Long Statement
eclipse.pde.ui-20011204,org.eclipse.pde.internal.editor.component,ComponentEditor,updateModel,Empty catch clause
eclipse.pde.ui-20011204,org.eclipse.pde.internal.editor.component,ComponentForm,createFormClient,Magic Number
eclipse.pde.ui-20011204,org.eclipse.pde.internal.editor.component,ComponentForm,createFormClient,Magic Number
eclipse.pde.ui-20011204,org.eclipse.pde.internal.editor.component,ComponentForm,createFormClient,Magic Number
eclipse.pde.ui-20011204,org.eclipse.pde.internal.editor.component,ComponentForm,createFormClient,Magic Number
eclipse.pde.ui-20011204,org.eclipse.pde.internal.editor.component,ComponentForm,createFormClient,Magic Number
eclipse.pde.ui-20011204,org.eclipse.pde.internal.editor.component,ComponentSpecSection,createClient,Long Method
eclipse.pde.ui-20011204,org.eclipse.pde.internal.editor.component,ComponentSpecSection,createClient,Magic Number
eclipse.pde.ui-20011204,org.eclipse.pde.internal.editor.component,ComponentSpecSection,createClient,Magic Number
eclipse.pde.ui-20011204,org.eclipse.pde.internal.editor.component,ComponentSpecSection,createClient,Magic Number
eclipse.pde.ui-20011204,org.eclipse.pde.internal.editor.component,ComponentSpecSection,createClient,Magic Number
eclipse.pde.ui-20011204,org.eclipse.pde.internal.editor.component,ComponentSpecSection,createClient,Magic Number
eclipse.pde.ui-20011204,org.eclipse.pde.internal.editor.component,ComponentSpecSection,createClient,Magic Number
eclipse.pde.ui-20011204,org.eclipse.pde.internal.editor.component,ComponentSpecSection,warnBadVersionFormat,Long Statement
eclipse.pde.ui-20011204,org.eclipse.pde.internal.editor.component,DescriptionSection,createClient,Magic Number
eclipse.pde.ui-20011204,org.eclipse.pde.internal.editor.component,DescriptionSection,createClient,Magic Number
eclipse.pde.ui-20011204,org.eclipse.pde.internal.editor.component,DescriptionSection,createClient,Magic Number
eclipse.pde.ui-20011204,org.eclipse.pde.internal.editor.component,DescriptionSection,createClient,Magic Number
eclipse.pde.ui-20011204,org.eclipse.pde.internal.editor.component,DescriptionSection,createClient,Magic Number
eclipse.pde.ui-20011204,org.eclipse.pde.internal.editor.component,OpenReferenceAction,run,Empty catch clause
eclipse.pde.ui-20011204,org.eclipse.pde.internal.editor.component,PluginSection,createClient,Magic Number
eclipse.pde.ui-20011204,org.eclipse.pde.internal.editor.component,PluginSection,initializeOverlays,Long Statement
eclipse.pde.ui-20011204,org.eclipse.pde.internal.editor.component,PluginSection,modelsChanged,Complex Conditional
eclipse.pde.ui-20011204,org.eclipse.pde.internal.editor.component,ReferenceForm,createFormClient,Magic Number
eclipse.pde.ui-20011204,org.eclipse.pde.internal.editor.component,ReferenceForm,createFormClient,Magic Number
eclipse.pde.ui-20011204,org.eclipse.pde.internal.editor.component,ReferenceForm,createFormClient,Magic Number
eclipse.pde.ui-20011204,org.eclipse.pde.internal.editor.component,ReferenceForm,createFormClient,Magic Number
eclipse.pde.ui-20011204,org.eclipse.pde.internal.editor.component,SynchronizeVersionsAction,ensureContentSaved,Empty catch clause
eclipse.pde.ui-20011204,org.eclipse.pde.internal.editor.component,SynchronizeVersionsAction,ensureEditorsClosed,Long Statement
eclipse.pde.ui-20011204,org.eclipse.pde.internal.editor.component,SynchronizeVersionsWizardPage,findWorkspaceModelBase,Long Statement
eclipse.pde.ui-20011204,org.eclipse.pde.internal.editor.component,SynchronizeVersionsWizardPage,forceVersion,Complex Conditional
eclipse.pde.ui-20011204,org.eclipse.pde.internal.editor.component,SynchronizeVersionsWizardPage,forceVersion,Long Statement
eclipse.pde.ui-20011204,org.eclipse.pde.internal.editor.component,SynchronizeVersionsWizardPage,synchronizeVersion,Complex Method
eclipse.pde.ui-20011204,org.eclipse.pde.internal.editor.component,URLElementPropertySource,setPropertyValue,Empty catch clause
eclipse.pde.ui-20011204,org.eclipse.pde.internal.editor.component,URLSection,createClient,Magic Number
eclipse.pde.ui-20011204,org.eclipse.pde.internal.editor.component,URLSection,handleNewURL,Long Statement
eclipse.pde.ui-20011204,org.eclipse.pde.internal.editor.jars,FolderSection,createClient,Magic Number
eclipse.pde.ui-20011204,org.eclipse.pde.internal.editor.jars,FolderSection,createClient,Magic Number
eclipse.pde.ui-20011204,org.eclipse.pde.internal.editor.jars,FolderSection,handleNew,Long Statement
eclipse.pde.ui-20011204,org.eclipse.pde.internal.editor.jars,JarsForm,createFormClient,Magic Number
eclipse.pde.ui-20011204,org.eclipse.pde.internal.editor.jars,JarsForm,createFormClient,Magic Number
eclipse.pde.ui-20011204,org.eclipse.pde.internal.editor.jars,JarsForm,createFormClient,Magic Number
eclipse.pde.ui-20011204,org.eclipse.pde.internal.editor.jars,LibrarySection,createClient,Magic Number
eclipse.pde.ui-20011204,org.eclipse.pde.internal.editor.jars,LibrarySection,createClient,Magic Number
eclipse.pde.ui-20011204,org.eclipse.pde.internal.editor.jars,PluginJarsEditor,createResourceModel,Empty catch clause
eclipse.pde.ui-20011204,org.eclipse.pde.internal.editor.jars,PluginJarsEditor,isModelDirty,Long Statement
eclipse.pde.ui-20011204,org.eclipse.pde.internal.editor.jars,PluginJarsEditor,updateModel,Empty catch clause
eclipse.pde.ui-20011204,org.eclipse.pde.internal.editor.manifest,AlertSection,checkMarkers,Long Statement
eclipse.pde.ui-20011204,org.eclipse.pde.internal.editor.manifest,AlertSection,createAlerts,Magic Number
eclipse.pde.ui-20011204,org.eclipse.pde.internal.editor.manifest,AlertSection,createClient,Magic Number
eclipse.pde.ui-20011204,org.eclipse.pde.internal.editor.manifest,DependenciesForm,createFormClient,Magic Number
eclipse.pde.ui-20011204,org.eclipse.pde.internal.editor.manifest,DependenciesForm,createFormClient,Magic Number
eclipse.pde.ui-20011204,org.eclipse.pde.internal.editor.manifest,DependenciesForm,createFormClient,Magic Number
eclipse.pde.ui-20011204,org.eclipse.pde.internal.editor.manifest,DependencyGraph,computeSize,Long Statement
eclipse.pde.ui-20011204,org.eclipse.pde.internal.editor.manifest,DependencyGraph,computeSize,Magic Number
eclipse.pde.ui-20011204,org.eclipse.pde.internal.editor.manifest,DependencyGraph,computeSize,Magic Number
eclipse.pde.ui-20011204,org.eclipse.pde.internal.editor.manifest,DependencyGraph,computeSize,Magic Number
eclipse.pde.ui-20011204,org.eclipse.pde.internal.editor.manifest,DependencyGraph,computeSize,Magic Number
eclipse.pde.ui-20011204,org.eclipse.pde.internal.editor.manifest,DependencyGraph,computeSize,Magic Number
eclipse.pde.ui-20011204,org.eclipse.pde.internal.editor.manifest,DependencyGraph,computeSize,Magic Number
eclipse.pde.ui-20011204,org.eclipse.pde.internal.editor.manifest,DependencyGraph,computeSize,Magic Number
eclipse.pde.ui-20011204,org.eclipse.pde.internal.editor.manifest,DependencyGraph,computeSize,Magic Number
eclipse.pde.ui-20011204,org.eclipse.pde.internal.editor.manifest,DependencyGraph,computeSize,Magic Number
eclipse.pde.ui-20011204,org.eclipse.pde.internal.editor.manifest,DependencyGraph,layout,Magic Number
eclipse.pde.ui-20011204,org.eclipse.pde.internal.editor.manifest,DependencyGraph,layout,Magic Number
eclipse.pde.ui-20011204,org.eclipse.pde.internal.editor.manifest,DependencyGraph,layout,Magic Number
eclipse.pde.ui-20011204,org.eclipse.pde.internal.editor.manifest,DependencyGraph,layout,Magic Number
eclipse.pde.ui-20011204,org.eclipse.pde.internal.editor.manifest,DependencyGraph,layout,Magic Number
eclipse.pde.ui-20011204,org.eclipse.pde.internal.editor.manifest,DependencyGraph,layout,Magic Number
eclipse.pde.ui-20011204,org.eclipse.pde.internal.editor.manifest,DependencyGraph,layout,Magic Number
eclipse.pde.ui-20011204,org.eclipse.pde.internal.editor.manifest,DependencyGraph,layout,Magic Number
eclipse.pde.ui-20011204,org.eclipse.pde.internal.editor.manifest,DependencyGraph,drawArrow,Magic Number
eclipse.pde.ui-20011204,org.eclipse.pde.internal.editor.manifest,DependencyGraph,drawArrow,Magic Number
eclipse.pde.ui-20011204,org.eclipse.pde.internal.editor.manifest,DependencyGraph,drawArrow,Magic Number
eclipse.pde.ui-20011204,org.eclipse.pde.internal.editor.manifest,DependencyGraph,drawArrow,Magic Number
eclipse.pde.ui-20011204,org.eclipse.pde.internal.editor.manifest,DependencyGraph,drawArrow,Magic Number
eclipse.pde.ui-20011204,org.eclipse.pde.internal.editor.manifest,DependencyGraph,drawArrow,Magic Number
eclipse.pde.ui-20011204,org.eclipse.pde.internal.editor.manifest,DependencyGraph,drawArrow,Magic Number
eclipse.pde.ui-20011204,org.eclipse.pde.internal.editor.manifest,DependencyGraph,drawArrow,Magic Number
eclipse.pde.ui-20011204,org.eclipse.pde.internal.editor.manifest,DependencyGraph,drawArrow,Magic Number
eclipse.pde.ui-20011204,org.eclipse.pde.internal.editor.manifest,DependencyGraph,drawArrow,Magic Number
eclipse.pde.ui-20011204,org.eclipse.pde.internal.editor.manifest,DependencyGraph,drawArrow,Magic Number
eclipse.pde.ui-20011204,org.eclipse.pde.internal.editor.manifest,DependencyGraph,drawArrow,Magic Number
eclipse.pde.ui-20011204,org.eclipse.pde.internal.editor.manifest,DependencyGraph,drawArrow,Magic Number
eclipse.pde.ui-20011204,org.eclipse.pde.internal.editor.manifest,DependencyGraph,drawArrow,Magic Number
eclipse.pde.ui-20011204,org.eclipse.pde.internal.editor.manifest,DependencyGraph,drawArrow,Magic Number
eclipse.pde.ui-20011204,org.eclipse.pde.internal.editor.manifest,DependencyGraph,drawArrow,Magic Number
eclipse.pde.ui-20011204,org.eclipse.pde.internal.editor.manifest,DependencyGraph,paintGraph,Complex Method
eclipse.pde.ui-20011204,org.eclipse.pde.internal.editor.manifest,DependencyGraph,paintGraph,Magic Number
eclipse.pde.ui-20011204,org.eclipse.pde.internal.editor.manifest,DependencyGraph,paintGraph,Magic Number
eclipse.pde.ui-20011204,org.eclipse.pde.internal.editor.manifest,DependencyGraph,paintGraph,Magic Number
eclipse.pde.ui-20011204,org.eclipse.pde.internal.editor.manifest,DependencyGraph,paintGraph,Magic Number
eclipse.pde.ui-20011204,org.eclipse.pde.internal.editor.manifest,DependencyGraph,paintGraph,Magic Number
eclipse.pde.ui-20011204,org.eclipse.pde.internal.editor.manifest,DependencyGraph,paintGraph,Magic Number
eclipse.pde.ui-20011204,org.eclipse.pde.internal.editor.manifest,GraphLayout,computeSize,Long Statement
eclipse.pde.ui-20011204,org.eclipse.pde.internal.editor.manifest,GraphLayout,computeSize,Magic Number
eclipse.pde.ui-20011204,org.eclipse.pde.internal.editor.manifest,GraphLayout,computeSize,Magic Number
eclipse.pde.ui-20011204,org.eclipse.pde.internal.editor.manifest,GraphLayout,computeSize,Magic Number
eclipse.pde.ui-20011204,org.eclipse.pde.internal.editor.manifest,GraphLayout,computeSize,Magic Number
eclipse.pde.ui-20011204,org.eclipse.pde.internal.editor.manifest,GraphLayout,computeSize,Magic Number
eclipse.pde.ui-20011204,org.eclipse.pde.internal.editor.manifest,GraphLayout,computeSize,Magic Number
eclipse.pde.ui-20011204,org.eclipse.pde.internal.editor.manifest,GraphLayout,computeSize,Magic Number
eclipse.pde.ui-20011204,org.eclipse.pde.internal.editor.manifest,GraphLayout,computeSize,Magic Number
eclipse.pde.ui-20011204,org.eclipse.pde.internal.editor.manifest,GraphLayout,computeSize,Magic Number
eclipse.pde.ui-20011204,org.eclipse.pde.internal.editor.manifest,GraphLayout,layout,Magic Number
eclipse.pde.ui-20011204,org.eclipse.pde.internal.editor.manifest,GraphLayout,layout,Magic Number
eclipse.pde.ui-20011204,org.eclipse.pde.internal.editor.manifest,GraphLayout,layout,Magic Number
eclipse.pde.ui-20011204,org.eclipse.pde.internal.editor.manifest,GraphLayout,layout,Magic Number
eclipse.pde.ui-20011204,org.eclipse.pde.internal.editor.manifest,GraphLayout,layout,Magic Number
eclipse.pde.ui-20011204,org.eclipse.pde.internal.editor.manifest,GraphLayout,layout,Magic Number
eclipse.pde.ui-20011204,org.eclipse.pde.internal.editor.manifest,GraphLayout,layout,Magic Number
eclipse.pde.ui-20011204,org.eclipse.pde.internal.editor.manifest,GraphLayout,layout,Magic Number
eclipse.pde.ui-20011204,org.eclipse.pde.internal.editor.manifest,DetailChildrenSection,getChildren,Long Statement
eclipse.pde.ui-20011204,org.eclipse.pde.internal.editor.manifest,DetailChildrenSection,createClient,Magic Number
eclipse.pde.ui-20011204,org.eclipse.pde.internal.editor.manifest,DetailChildrenSection,createClient,Magic Number
eclipse.pde.ui-20011204,org.eclipse.pde.internal.editor.manifest,DetailChildrenSection,createTree,Magic Number
eclipse.pde.ui-20011204,org.eclipse.pde.internal.editor.manifest,ContentProvider,getChildren,Long Statement
eclipse.pde.ui-20011204,org.eclipse.pde.internal.editor.manifest,DetailExtensionPointSection,createClient,Magic Number
eclipse.pde.ui-20011204,org.eclipse.pde.internal.editor.manifest,DetailExtensionPointSection,createClient,Magic Number
eclipse.pde.ui-20011204,org.eclipse.pde.internal.editor.manifest,DetailExtensionPointSection,createClient,Magic Number
eclipse.pde.ui-20011204,org.eclipse.pde.internal.editor.manifest,DetailExtensionPointSection,fillContextMenu,Empty catch clause
eclipse.pde.ui-20011204,org.eclipse.pde.internal.editor.manifest,DetailExtensionPointSection,run,Empty catch clause
eclipse.pde.ui-20011204,org.eclipse.pde.internal.editor.manifest,DetailExtensionPointSection,handleNew,Magic Number
eclipse.pde.ui-20011204,org.eclipse.pde.internal.editor.manifest,DetailExtensionPointSection,handleNew,Magic Number
eclipse.pde.ui-20011204,org.eclipse.pde.internal.editor.manifest,DetailExtensionPointSection,run,Magic Number
eclipse.pde.ui-20011204,org.eclipse.pde.internal.editor.manifest,DetailExtensionPointSection,run,Magic Number
eclipse.pde.ui-20011204,org.eclipse.pde.internal.editor.manifest,DetailExtensionSection,createClient,Magic Number
eclipse.pde.ui-20011204,org.eclipse.pde.internal.editor.manifest,DetailExtensionSection,fillContextMenu,Empty catch clause
eclipse.pde.ui-20011204,org.eclipse.pde.internal.editor.manifest,DetailExtensionSection,fillContextMenu,Long Parameter List
eclipse.pde.ui-20011204,org.eclipse.pde.internal.editor.manifest,DetailExtensionSection,run,Empty catch clause
eclipse.pde.ui-20011204,org.eclipse.pde.internal.editor.manifest,DetailExtensionSection,handleNew,Magic Number
eclipse.pde.ui-20011204,org.eclipse.pde.internal.editor.manifest,DetailExtensionSection,handleNew,Magic Number
eclipse.pde.ui-20011204,org.eclipse.pde.internal.editor.manifest,DetailExtensionSection,run,Magic Number
eclipse.pde.ui-20011204,org.eclipse.pde.internal.editor.manifest,DetailExtensionSection,run,Magic Number
eclipse.pde.ui-20011204,org.eclipse.pde.internal.editor.manifest,ExportSection,createClient,Magic Number
eclipse.pde.ui-20011204,org.eclipse.pde.internal.editor.manifest,ExportSection,createClient,Magic Number
eclipse.pde.ui-20011204,org.eclipse.pde.internal.editor.manifest,ExportSection,createClient,Magic Number
eclipse.pde.ui-20011204,org.eclipse.pde.internal.editor.manifest,ExportSection,createNameTable,Magic Number
eclipse.pde.ui-20011204,org.eclipse.pde.internal.editor.manifest,ExtensionElementPropertySource,canGenerate,Complex Conditional
eclipse.pde.ui-20011204,org.eclipse.pde.internal.editor.manifest,ExtensionElementPropertySource,getPropertyValue,Complex Method
eclipse.pde.ui-20011204,org.eclipse.pde.internal.editor.manifest,ExtensionPointForm,createFormClient,Magic Number
eclipse.pde.ui-20011204,org.eclipse.pde.internal.editor.manifest,ExtensionPointForm,createFormClient,Magic Number
eclipse.pde.ui-20011204,org.eclipse.pde.internal.editor.manifest,ExtensionPointForm,createFormClient,Magic Number
eclipse.pde.ui-20011204,org.eclipse.pde.internal.editor.manifest,ExtensionPointPropertySource,isOpenable,Complex Conditional
eclipse.pde.ui-20011204,org.eclipse.pde.internal.editor.manifest,ExtensionPointSection,createClient,Magic Number
eclipse.pde.ui-20011204,org.eclipse.pde.internal.editor.manifest,ExtensionPointSection,createClient,Magic Number
eclipse.pde.ui-20011204,org.eclipse.pde.internal.editor.manifest,ExtensionPointSection,createClient,Magic Number
eclipse.pde.ui-20011204,org.eclipse.pde.internal.editor.manifest,ExtensionSection,createClient,Magic Number
eclipse.pde.ui-20011204,org.eclipse.pde.internal.editor.manifest,ExtensionSection,createClient,Magic Number
eclipse.pde.ui-20011204,org.eclipse.pde.internal.editor.manifest,ExtensionSection,createClient,Magic Number
eclipse.pde.ui-20011204,org.eclipse.pde.internal.editor.manifest,ExtensionsForm,createFormClient,Magic Number
eclipse.pde.ui-20011204,org.eclipse.pde.internal.editor.manifest,ExtensionsForm,createFormClient,Magic Number
eclipse.pde.ui-20011204,org.eclipse.pde.internal.editor.manifest,ExtensionsForm,createFormClient,Magic Number
eclipse.pde.ui-20011204,org.eclipse.pde.internal.editor.manifest,ExtensionsPropertySheet,createNewAttField,Magic Number
eclipse.pde.ui-20011204,org.eclipse.pde.internal.editor.manifest,FragmentManifestEditor,createPages,Long Statement
eclipse.pde.ui-20011204,org.eclipse.pde.internal.editor.manifest,JarsSection,createClient,Magic Number
eclipse.pde.ui-20011204,org.eclipse.pde.internal.editor.manifest,JarsSection,createClient,Magic Number
eclipse.pde.ui-20011204,org.eclipse.pde.internal.editor.manifest,JarsSection,handleNew,Long Statement
eclipse.pde.ui-20011204,org.eclipse.pde.internal.editor.manifest,JarsSection,verifyFolderExists,Long Statement
eclipse.pde.ui-20011204,org.eclipse.pde.internal.editor.manifest,JavaAttributeCellEditor,openDialogBox,Magic Number
eclipse.pde.ui-20011204,org.eclipse.pde.internal.editor.manifest,JavaAttributeCellEditor,openDialogBox,Magic Number
eclipse.pde.ui-20011204,org.eclipse.pde.internal.editor.manifest,JavaAttributeDescriptor,isCompatibleWith,Complex Method
eclipse.pde.ui-20011204,org.eclipse.pde.internal.editor.manifest,JavaAttributeWizardPage,createControl,Magic Number
eclipse.pde.ui-20011204,org.eclipse.pde.internal.editor.manifest,JavaAttributeWizardPage,createControl,Magic Number
eclipse.pde.ui-20011204,org.eclipse.pde.internal.editor.manifest,JavaAttributeWizardPage,createControl,Magic Number
eclipse.pde.ui-20011204,org.eclipse.pde.internal.editor.manifest,JavaAttributeWizardPage,createGeneratePage,Magic Number
eclipse.pde.ui-20011204,org.eclipse.pde.internal.editor.manifest,JavaAttributeWizardPage,createGeneratePage,Magic Number
eclipse.pde.ui-20011204,org.eclipse.pde.internal.editor.manifest,JavaAttributeWizardPage,createGeneratePage,Magic Number
eclipse.pde.ui-20011204,org.eclipse.pde.internal.editor.manifest,JavaAttributeWizardPage,createSearchPage,Magic Number
eclipse.pde.ui-20011204,org.eclipse.pde.internal.editor.manifest,JavaAttributeWizardPage,createSearchPage,Magic Number
eclipse.pde.ui-20011204,org.eclipse.pde.internal.editor.manifest,JavaAttributeWizardPage,generateClass,Long Statement
eclipse.pde.ui-20011204,org.eclipse.pde.internal.editor.manifest,JavaAttributeWizardPage,handleFindContainer,Long Statement
eclipse.pde.ui-20011204,org.eclipse.pde.internal.editor.manifest,JavaAttributeWizardPage,handleFindType,Long Statement
eclipse.pde.ui-20011204,org.eclipse.pde.internal.editor.manifest,LibrarySection,createClient,Magic Number
eclipse.pde.ui-20011204,org.eclipse.pde.internal.editor.manifest,LibrarySection,createClient,Magic Number
eclipse.pde.ui-20011204,org.eclipse.pde.internal.editor.manifest,ManifestEditor,createFileSystemModel,Empty catch clause
eclipse.pde.ui-20011204,org.eclipse.pde.internal.editor.manifest,ManifestEditor,createPages,Long Statement
eclipse.pde.ui-20011204,org.eclipse.pde.internal.editor.manifest,ManifestEditor,createResourceModel,Empty catch clause
eclipse.pde.ui-20011204,org.eclipse.pde.internal.editor.manifest,ManifestEditor,createResourceModel,Empty catch clause
eclipse.pde.ui-20011204,org.eclipse.pde.internal.editor.manifest,ManifestEditor,isModelDirty,Long Statement
eclipse.pde.ui-20011204,org.eclipse.pde.internal.editor.manifest,ManifestEditor,updateModel,Empty catch clause
eclipse.pde.ui-20011204,org.eclipse.pde.internal.editor.manifest,ManifestForm,createFormClient,Magic Number
eclipse.pde.ui-20011204,org.eclipse.pde.internal.editor.manifest,ManifestForm,createFormClient,Magic Number
eclipse.pde.ui-20011204,org.eclipse.pde.internal.editor.manifest,ManifestForm,createFormClient,Magic Number
eclipse.pde.ui-20011204,org.eclipse.pde.internal.editor.manifest,ManifestForm,createFormClient,Magic Number
eclipse.pde.ui-20011204,org.eclipse.pde.internal.editor.manifest,ManifestForm,createFormClient,Magic Number
eclipse.pde.ui-20011204,org.eclipse.pde.internal.editor.manifest,ManifestForm,createFormClient,Magic Number
eclipse.pde.ui-20011204,org.eclipse.pde.internal.editor.manifest,ManifestFormOutlinePage,getObjectLabel,Complex Method
eclipse.pde.ui-20011204,org.eclipse.pde.internal.editor.manifest,ManifestFormOutlinePage,getObjectLabel,Long Statement
eclipse.pde.ui-20011204,org.eclipse.pde.internal.editor.manifest,ManifestFormOutlinePage,modelChanged,Complex Conditional
eclipse.pde.ui-20011204,org.eclipse.pde.internal.editor.manifest,ManifestFormOutlinePage,modelChanged,Long Statement
eclipse.pde.ui-20011204,org.eclipse.pde.internal.editor.manifest,PluginAdapterFactory,getExtensionPointProperties,Long Identifier
eclipse.pde.ui-20011204,org.eclipse.pde.internal.editor.manifest,PluginListSection,createHeader,Magic Number
eclipse.pde.ui-20011204,org.eclipse.pde.internal.editor.manifest,PluginListSection,initialize,Magic Number
eclipse.pde.ui-20011204,org.eclipse.pde.internal.editor.manifest,PluginListSection,initialize,Magic Number
eclipse.pde.ui-20011204,org.eclipse.pde.internal.editor.manifest,PluginListSection,initialize,Magic Number
eclipse.pde.ui-20011204,org.eclipse.pde.internal.editor.manifest,PluginListSection,updateModel,Empty catch clause
eclipse.pde.ui-20011204,org.eclipse.pde.internal.editor.manifest,PluginSpecSection,createClient,Long Method
eclipse.pde.ui-20011204,org.eclipse.pde.internal.editor.manifest,PluginSpecSection,createClient,Magic Number
eclipse.pde.ui-20011204,org.eclipse.pde.internal.editor.manifest,PluginSpecSection,createClient,Magic Number
eclipse.pde.ui-20011204,org.eclipse.pde.internal.editor.manifest,PluginSpecSection,createClient,Magic Number
eclipse.pde.ui-20011204,org.eclipse.pde.internal.editor.manifest,PluginSpecSection,createClient,Magic Number
eclipse.pde.ui-20011204,org.eclipse.pde.internal.editor.manifest,PointGraphSection,addReferencingNodes,Long Parameter List
eclipse.pde.ui-20011204,org.eclipse.pde.internal.editor.manifest,PointGraphSection,initializeColors,Magic Number
eclipse.pde.ui-20011204,org.eclipse.pde.internal.editor.manifest,PointGraphSection,initializeColors,Magic Number
eclipse.pde.ui-20011204,org.eclipse.pde.internal.editor.manifest,PointGraphSection,initializeColors,Magic Number
eclipse.pde.ui-20011204,org.eclipse.pde.internal.editor.manifest,PointGraphSection,initializeColors,Magic Number
eclipse.pde.ui-20011204,org.eclipse.pde.internal.editor.manifest,PointGraphSection,initializeColors,Magic Number
eclipse.pde.ui-20011204,org.eclipse.pde.internal.editor.manifest,PointGraphSection,initializeColors,Magic Number
eclipse.pde.ui-20011204,org.eclipse.pde.internal.editor.manifest,PointGraphSection,initializeColors,Magic Number
eclipse.pde.ui-20011204,org.eclipse.pde.internal.editor.manifest,PointGraphSection,initializeColors,Magic Number
eclipse.pde.ui-20011204,org.eclipse.pde.internal.editor.manifest,PointGraphSection,initializeColors,Magic Number
eclipse.pde.ui-20011204,org.eclipse.pde.internal.editor.manifest,PointGraphSection,initializeColors,Magic Number
eclipse.pde.ui-20011204,org.eclipse.pde.internal.editor.manifest,PointGraphSection,initializeColors,Magic Number
eclipse.pde.ui-20011204,org.eclipse.pde.internal.editor.manifest,PointGraphSection,initializeColors,Magic Number
eclipse.pde.ui-20011204,org.eclipse.pde.internal.editor.manifest,PointGraphSection,initializeColors,Magic Number
eclipse.pde.ui-20011204,org.eclipse.pde.internal.editor.manifest,PointGraphSection,initializeColors,Magic Number
eclipse.pde.ui-20011204,org.eclipse.pde.internal.editor.manifest,PointGraphSection,initializeColors,Magic Number
eclipse.pde.ui-20011204,org.eclipse.pde.internal.editor.manifest,PointGraphSection,initializeColors,Magic Number
eclipse.pde.ui-20011204,org.eclipse.pde.internal.editor.manifest,ReqGraphSection,createClient,Long Method
eclipse.pde.ui-20011204,org.eclipse.pde.internal.editor.manifest,ReqGraphSection,createClient,Magic Number
eclipse.pde.ui-20011204,org.eclipse.pde.internal.editor.manifest,ReqGraphSection,createClient,Magic Number
eclipse.pde.ui-20011204,org.eclipse.pde.internal.editor.manifest,ReqGraphSection,initializeColors,Magic Number
eclipse.pde.ui-20011204,org.eclipse.pde.internal.editor.manifest,ReqGraphSection,initializeColors,Magic Number
eclipse.pde.ui-20011204,org.eclipse.pde.internal.editor.manifest,ReqGraphSection,initializeColors,Magic Number
eclipse.pde.ui-20011204,org.eclipse.pde.internal.editor.manifest,ReqGraphSection,initializeColors,Magic Number
eclipse.pde.ui-20011204,org.eclipse.pde.internal.editor.manifest,ReqGraphSection,initializeColors,Magic Number
eclipse.pde.ui-20011204,org.eclipse.pde.internal.editor.manifest,ReqGraphSection,initializeColors,Magic Number
eclipse.pde.ui-20011204,org.eclipse.pde.internal.editor.manifest,ReqGraphSection,initializeColors,Magic Number
eclipse.pde.ui-20011204,org.eclipse.pde.internal.editor.manifest,ReqGraphSection,initializeColors,Magic Number
eclipse.pde.ui-20011204,org.eclipse.pde.internal.editor.manifest,ReqGraphSection,initializeColors,Magic Number
eclipse.pde.ui-20011204,org.eclipse.pde.internal.editor.manifest,ReqGraphSection,initializeColors,Magic Number
eclipse.pde.ui-20011204,org.eclipse.pde.internal.editor.manifest,ReqGraphSection,initializeColors,Magic Number
eclipse.pde.ui-20011204,org.eclipse.pde.internal.editor.manifest,ReqGraphSection,initializeColors,Magic Number
eclipse.pde.ui-20011204,org.eclipse.pde.internal.editor.manifest,ReqGraphSection,initializeColors,Magic Number
eclipse.pde.ui-20011204,org.eclipse.pde.internal.editor.manifest,ReqGraphSection,initializeColors,Magic Number
eclipse.pde.ui-20011204,org.eclipse.pde.internal.editor.manifest,ReqGraphSection,initializeColors,Magic Number
eclipse.pde.ui-20011204,org.eclipse.pde.internal.editor.manifest,ReqGraphSection,initializeColors,Magic Number
eclipse.pde.ui-20011204,org.eclipse.pde.internal.editor.manifest,ReqGraphSection,updateButtons,Long Statement
eclipse.pde.ui-20011204,org.eclipse.pde.internal.editor.manifest,ReqGraphSection,updateButtons,Long Statement
eclipse.pde.ui-20011204,org.eclipse.pde.internal.editor.manifest,ReqGraphSection,updateGraph,Complex Method
eclipse.pde.ui-20011204,org.eclipse.pde.internal.editor.manifest,RequiresSection,createClient,Magic Number
eclipse.pde.ui-20011204,org.eclipse.pde.internal.editor.manifest,RequiresSection,createClient,Magic Number
eclipse.pde.ui-20011204,org.eclipse.pde.internal.editor.manifest,RequiresSection,createClient,Magic Number
eclipse.pde.ui-20011204,org.eclipse.pde.internal.editor.manifest,RequiresSection,initializeImages,Long Statement
eclipse.pde.ui-20011204,org.eclipse.pde.internal.editor.manifest,ResourceAttributeCellEditor,openDialogBox,Long Statement
eclipse.pde.ui-20011204,org.eclipse.pde.internal.editor.manifest,ResourceAttributeDescriptor,isCompatibleWith,Complex Method
eclipse.pde.ui-20011204,org.eclipse.pde.internal.editor.manifest,RuntimeForm,createFormClient,Magic Number
eclipse.pde.ui-20011204,org.eclipse.pde.internal.editor.manifest,RuntimeForm,createFormClient,Magic Number
eclipse.pde.ui-20011204,org.eclipse.pde.internal.editor.manifest,RuntimeForm,createFormClient,Magic Number
eclipse.pde.ui-20011204,org.eclipse.pde.internal.editor.manifest,RuntimeForm,createFormClient,Magic Number
eclipse.pde.ui-20011204,org.eclipse.pde.internal.editor.manifest,RuntimeSection,createClient,Magic Number
eclipse.pde.ui-20011204,org.eclipse.pde.internal.editor.manifest,RuntimeSection,createClient,Magic Number
eclipse.pde.ui-20011204,org.eclipse.pde.internal.editor.manifest,RuntimeSection,createClient,Magic Number
eclipse.pde.ui-20011204,org.eclipse.pde.internal.editor.schema,AttributePropertySource,getPropertyDescriptors,Long Statement
eclipse.pde.ui-20011204,org.eclipse.pde.internal.editor.schema,AttributePropertySource,getPropertyDescriptors,Long Statement
eclipse.pde.ui-20011204,org.eclipse.pde.internal.editor.schema,AttributePropertySource,getPropertyDescriptors,Long Statement
eclipse.pde.ui-20011204,org.eclipse.pde.internal.editor.schema,AttributePropertySource,getPropertyDescriptors,Long Statement
eclipse.pde.ui-20011204,org.eclipse.pde.internal.editor.schema,AttributePropertySource,getPropertyValue,Complex Method
eclipse.pde.ui-20011204,org.eclipse.pde.internal.editor.schema,AttributePropertySource,setPropertyValue,Complex Method
eclipse.pde.ui-20011204,org.eclipse.pde.internal.editor.schema,CompositorPropertySource,getPropertyDescriptors,Long Statement
eclipse.pde.ui-20011204,org.eclipse.pde.internal.editor.schema,CompositorPropertySource,getPropertyDescriptors,Long Statement
eclipse.pde.ui-20011204,org.eclipse.pde.internal.editor.schema,DescriptionSection,DescriptionSection,Long Statement
eclipse.pde.ui-20011204,org.eclipse.pde.internal.editor.schema,DescriptionSection,checkForPendingChanges,Long Statement
eclipse.pde.ui-20011204,org.eclipse.pde.internal.editor.schema,DescriptionSection,createClient,Magic Number
eclipse.pde.ui-20011204,org.eclipse.pde.internal.editor.schema,DescriptionSection,createClient,Magic Number
eclipse.pde.ui-20011204,org.eclipse.pde.internal.editor.schema,DescriptionSection,updateDocument,Magic Number
eclipse.pde.ui-20011204,org.eclipse.pde.internal.editor.schema,DocForm,createFormClient,Magic Number
eclipse.pde.ui-20011204,org.eclipse.pde.internal.editor.schema,DocForm,createFormClient,Magic Number
eclipse.pde.ui-20011204,org.eclipse.pde.internal.editor.schema,DocSection,DocSection,Long Statement
eclipse.pde.ui-20011204,org.eclipse.pde.internal.editor.schema,DocSection,DocSection,Magic Number
eclipse.pde.ui-20011204,org.eclipse.pde.internal.editor.schema,DocSection,createClient,Magic Number
eclipse.pde.ui-20011204,org.eclipse.pde.internal.editor.schema,DocSection,createClient,Magic Number
eclipse.pde.ui-20011204,org.eclipse.pde.internal.editor.schema,DocSection,createClient,Magic Number
eclipse.pde.ui-20011204,org.eclipse.pde.internal.editor.schema,DocSection,createClient,Magic Number
eclipse.pde.ui-20011204,org.eclipse.pde.internal.editor.schema,DocSection,updateEditorInput,Magic Number
eclipse.pde.ui-20011204,org.eclipse.pde.internal.editor.schema,ElementPropertySource,getPropertyDescriptors,Long Statement
eclipse.pde.ui-20011204,org.eclipse.pde.internal.editor.schema,ElementSection,createClient,Magic Number
eclipse.pde.ui-20011204,org.eclipse.pde.internal.editor.schema,EnumerationRestrictionPage,createControl,Magic Number
eclipse.pde.ui-20011204,org.eclipse.pde.internal.editor.schema,EnumerationRestrictionPage,createControl,Magic Number
eclipse.pde.ui-20011204,org.eclipse.pde.internal.editor.schema,EnumerationRestrictionPage,createControl,Magic Number
eclipse.pde.ui-20011204,org.eclipse.pde.internal.editor.schema,EnumerationRestrictionPage,createControl,Magic Number
eclipse.pde.ui-20011204,org.eclipse.pde.internal.editor.schema,GrammarSection,createClient,Magic Number
eclipse.pde.ui-20011204,org.eclipse.pde.internal.editor.schema,GrammarSection,createTree,Magic Number
eclipse.pde.ui-20011204,org.eclipse.pde.internal.editor.schema,GrammarSection,fillContextMenu,Complex Conditional
eclipse.pde.ui-20011204,org.eclipse.pde.internal.editor.schema,GrammarSection,modelChanged,Complex Method
eclipse.pde.ui-20011204,org.eclipse.pde.internal.editor.schema,SchemaAdapterFactory,getProperties,Long Statement
eclipse.pde.ui-20011204,org.eclipse.pde.internal.editor.schema,SchemaDoubleClickStrategy,matchComment,Empty catch clause
eclipse.pde.ui-20011204,org.eclipse.pde.internal.editor.schema,SchemaDoubleClickStrategy,matchWord,Empty catch clause
eclipse.pde.ui-20011204,org.eclipse.pde.internal.editor.schema,SchemaEditor,updateModel,Empty catch clause
eclipse.pde.ui-20011204,org.eclipse.pde.internal.editor.schema,SchemaForm,createFormClient,Magic Number
eclipse.pde.ui-20011204,org.eclipse.pde.internal.editor.schema,SchemaForm,createFormClient,Magic Number
eclipse.pde.ui-20011204,org.eclipse.pde.internal.editor.schema,SchemaForm,createFormClient,Magic Number
eclipse.pde.ui-20011204,org.eclipse.pde.internal.editor.schema,SchemaForm,createFormClient,Magic Number
eclipse.pde.ui-20011204,org.eclipse.pde.internal.editor.schema,SchemaFormOutlinePage,getObjectImage,Long Statement
eclipse.pde.ui-20011204,org.eclipse.pde.internal.editor.schema,SchemaFormOutlinePage,getObjectLabel,Long Statement
eclipse.pde.ui-20011204,org.eclipse.pde.internal.editor.schema,SchemaFormOutlinePage,getParentPage,Long Statement
eclipse.pde.ui-20011204,org.eclipse.pde.internal.editor.schema,SchemaFormOutlinePage,modelChanged,Magic Number
eclipse.pde.ui-20011204,org.eclipse.pde.internal.editor.schema,TypeRestrictionCellEditor,openDialogBox,Magic Number
eclipse.pde.ui-20011204,org.eclipse.pde.internal.editor.schema,TypeRestrictionCellEditor,openDialogBox,Magic Number
eclipse.pde.ui-20011204,org.eclipse.pde.internal.editor.schema,TypeRestrictionDescriptor,isCompatibleWith,Complex Method
eclipse.pde.ui-20011204,org.eclipse.pde.internal.editor.schema,TypeRestrictionDialog,createDialogArea,Magic Number
eclipse.pde.ui-20011204,org.eclipse.pde.internal.editor.schema,TypeRestrictionDialog,createDialogArea,Magic Number
eclipse.pde.ui-20011204,org.eclipse.pde.internal.editor.schema,TypeRestrictionDialog,createDialogArea,Magic Number
eclipse.pde.ui-20011204,org.eclipse.pde.internal.editor.text,PDEPartitionScanner,PDEPartitionScanner,Magic Number
eclipse.pde.ui-20011204,org.eclipse.pde.internal.editor.text,TextUtil,createMultiLine,Complex Method
eclipse.pde.ui-20011204,org.eclipse.pde.internal.editor.text,TextUtil,createMultiLine,Magic Number
eclipse.pde.ui-20011204,org.eclipse.pde.internal.editor.text,TextUtil,isParagraph,Magic Number
eclipse.pde.ui-20011204,org.eclipse.pde.internal.editor.text,TextUtil,isParagraph,Magic Number
eclipse.pde.ui-20011204,org.eclipse.pde.internal.editor.text,TextUtil,isPreEnd,Complex Method
eclipse.pde.ui-20011204,org.eclipse.pde.internal.editor.text,TextUtil,isPreEnd,Magic Number
eclipse.pde.ui-20011204,org.eclipse.pde.internal.editor.text,TextUtil,isPreEnd,Magic Number
eclipse.pde.ui-20011204,org.eclipse.pde.internal.editor.text,TextUtil,isPreEnd,Magic Number
eclipse.pde.ui-20011204,org.eclipse.pde.internal.editor.text,TextUtil,isPreEnd,Magic Number
eclipse.pde.ui-20011204,org.eclipse.pde.internal.editor.text,TextUtil,isPreEnd,Magic Number
eclipse.pde.ui-20011204,org.eclipse.pde.internal.editor.text,TextUtil,isPreStart,Magic Number
eclipse.pde.ui-20011204,org.eclipse.pde.internal.editor.text,TextUtil,isPreStart,Magic Number
eclipse.pde.ui-20011204,org.eclipse.pde.internal.editor.text,TextUtil,isPreStart,Magic Number
eclipse.pde.ui-20011204,org.eclipse.pde.internal.editor.text,TextUtil,isPreStart,Magic Number
eclipse.pde.ui-20011204,org.eclipse.pde.internal.forms,Form,canPerformDirectly,Complex Method
eclipse.pde.ui-20011204,org.eclipse.pde.internal.forms,FormSection,computeSize,Complex Conditional
eclipse.pde.ui-20011204,org.eclipse.pde.internal.forms,FormSection,computeSize,Complex Conditional
eclipse.pde.ui-20011204,org.eclipse.pde.internal.forms,FormSection,computeSize,Complex Method
eclipse.pde.ui-20011204,org.eclipse.pde.internal.forms,FormSection,layout,Magic Number
eclipse.pde.ui-20011204,org.eclipse.pde.internal.forms,SectionLayout,computeSize,Complex Conditional
eclipse.pde.ui-20011204,org.eclipse.pde.internal.forms,SectionLayout,computeSize,Complex Conditional
eclipse.pde.ui-20011204,org.eclipse.pde.internal.forms,SectionLayout,computeSize,Complex Method
eclipse.pde.ui-20011204,org.eclipse.pde.internal.forms,SectionLayout,layout,Magic Number
eclipse.pde.ui-20011204,org.eclipse.pde.internal.forms,FormWidgetFactory,paintControl,Complex Conditional
eclipse.pde.ui-20011204,org.eclipse.pde.internal.forms,FormWidgetFactory,paintControl,Complex Conditional
eclipse.pde.ui-20011204,org.eclipse.pde.internal.forms,FormWidgetFactory,paintControl,Magic Number
eclipse.pde.ui-20011204,org.eclipse.pde.internal.forms,FormWidgetFactory,paintControl,Magic Number
eclipse.pde.ui-20011204,org.eclipse.pde.internal.forms,FormWidgetFactory,paintControl,Magic Number
eclipse.pde.ui-20011204,org.eclipse.pde.internal.forms,FormWidgetFactory,paintControl,Magic Number
eclipse.pde.ui-20011204,org.eclipse.pde.internal.forms,FormWidgetFactory,paintControl,Magic Number
eclipse.pde.ui-20011204,org.eclipse.pde.internal.forms,FormWidgetFactory,paintControl,Magic Number
eclipse.pde.ui-20011204,org.eclipse.pde.internal.forms,FormWidgetFactory,initialize,Magic Number
eclipse.pde.ui-20011204,org.eclipse.pde.internal.forms,FormWidgetFactory,initialize,Magic Number
eclipse.pde.ui-20011204,org.eclipse.pde.internal.forms,FormWidgetFactory,initialize,Magic Number
eclipse.pde.ui-20011204,org.eclipse.pde.internal.forms,FormWidgetFactory,initialize,Magic Number
eclipse.pde.ui-20011204,org.eclipse.pde.internal.forms,FormWidgetFactory,initialize,Magic Number
eclipse.pde.ui-20011204,org.eclipse.pde.internal.forms,FormWidgetFactory,initialize,Magic Number
eclipse.pde.ui-20011204,org.eclipse.pde.internal.forms,FormWidgetFactory,initialize,Magic Number
eclipse.pde.ui-20011204,org.eclipse.pde.internal.forms,FormWidgetFactory,initialize,Magic Number
eclipse.pde.ui-20011204,org.eclipse.pde.internal.forms,FormWidgetFactory,initialize,Magic Number
eclipse.pde.ui-20011204,org.eclipse.pde.internal.forms,FormWidgetFactory,initialize,Magic Number
eclipse.pde.ui-20011204,org.eclipse.pde.internal.forms,FormWidgetFactory,initialize,Magic Number
eclipse.pde.ui-20011204,org.eclipse.pde.internal.forms,FormWidgetFactory,initialize,Magic Number
eclipse.pde.ui-20011204,org.eclipse.pde.internal.forms,FormWidgetFactory,initialize,Magic Number
eclipse.pde.ui-20011204,org.eclipse.pde.internal.forms,BorderPainter,paintControl,Complex Conditional
eclipse.pde.ui-20011204,org.eclipse.pde.internal.forms,BorderPainter,paintControl,Complex Conditional
eclipse.pde.ui-20011204,org.eclipse.pde.internal.forms,BorderPainter,paintControl,Magic Number
eclipse.pde.ui-20011204,org.eclipse.pde.internal.forms,BorderPainter,paintControl,Magic Number
eclipse.pde.ui-20011204,org.eclipse.pde.internal.forms,BorderPainter,paintControl,Magic Number
eclipse.pde.ui-20011204,org.eclipse.pde.internal.forms,BorderPainter,paintControl,Magic Number
eclipse.pde.ui-20011204,org.eclipse.pde.internal.forms,BorderPainter,paintControl,Magic Number
eclipse.pde.ui-20011204,org.eclipse.pde.internal.forms,BorderPainter,paintControl,Magic Number
eclipse.pde.ui-20011204,org.eclipse.pde.internal.launcher,WorkbenchLauncher,doLaunch,Long Parameter List
eclipse.pde.ui-20011204,org.eclipse.pde.internal.launcher,WorkbenchLauncher,doLaunch,Long Statement
eclipse.pde.ui-20011204,org.eclipse.pde.internal.launcher,WorkbenchLauncher,run,Long Statement
eclipse.pde.ui-20011204,org.eclipse.pde.internal.launcher,WorkbenchLauncher,launch,Complex Method
eclipse.pde.ui-20011204,org.eclipse.pde.internal.launcher,WorkbenchLauncher,showNoLauncherDialog,Long Statement
eclipse.pde.ui-20011204,org.eclipse.pde.internal.model,Fragment,write,Complex Method
eclipse.pde.ui-20011204,org.eclipse.pde.internal.model,NLResourceHelper,getResourceString,Empty catch clause
eclipse.pde.ui-20011204,org.eclipse.pde.internal.model,Plugin,write,Complex Method
eclipse.pde.ui-20011204,org.eclipse.pde.internal.model,PluginObject,getWritableString,Missing default
eclipse.pde.ui-20011204,org.eclipse.pde.internal.model,WorkspacePluginModelBase,getContents,Empty catch clause
eclipse.pde.ui-20011204,org.eclipse.pde.internal.model,WorkspacePluginModelBase,load,Empty catch clause
eclipse.pde.ui-20011204,org.eclipse.pde.internal.model,WorkspacePluginModelBase,save,Empty catch clause
eclipse.pde.ui-20011204,org.eclipse.pde.internal.model,WorkspaceResourceHelper,resourceChanged,Empty catch clause
eclipse.pde.ui-20011204,org.eclipse.pde.internal.model.build,BuildEntry,write,Magic Number
eclipse.pde.ui-20011204,org.eclipse.pde.internal.model.build,WorkspaceBuildModel,getContents,Empty catch clause
eclipse.pde.ui-20011204,org.eclipse.pde.internal.model.build,WorkspaceBuildModel,load,Empty catch clause
eclipse.pde.ui-20011204,org.eclipse.pde.internal.model.build,WorkspaceBuildModel,save,Empty catch clause
eclipse.pde.ui-20011204,org.eclipse.pde.internal.model.component,AbstractComponentModel,load,Empty catch clause
eclipse.pde.ui-20011204,org.eclipse.pde.internal.model.component,Component,parse,Complex Method
eclipse.pde.ui-20011204,org.eclipse.pde.internal.model.component,ComponentObject,getWritableString,Complex Method
eclipse.pde.ui-20011204,org.eclipse.pde.internal.model.component,ComponentObject,getWritableString,Missing default
eclipse.pde.ui-20011204,org.eclipse.pde.internal.model.component,ComponentURL,parse,Complex Method
eclipse.pde.ui-20011204,org.eclipse.pde.internal.model.component,ComponentURLElement,parse,Empty catch clause
eclipse.pde.ui-20011204,org.eclipse.pde.internal.model.component,WorkspaceComponentModel,getContents,Empty catch clause
eclipse.pde.ui-20011204,org.eclipse.pde.internal.model.component,WorkspaceComponentModel,load,Empty catch clause
eclipse.pde.ui-20011204,org.eclipse.pde.internal.model.component,WorkspaceComponentModel,save,Empty catch clause
eclipse.pde.ui-20011204,org.eclipse.pde.internal.model.jars,JarEntry,write,Magic Number
eclipse.pde.ui-20011204,org.eclipse.pde.internal.model.jars,WorkspaceJarsModel,getContents,Empty catch clause
eclipse.pde.ui-20011204,org.eclipse.pde.internal.model.jars,WorkspaceJarsModel,load,Empty catch clause
eclipse.pde.ui-20011204,org.eclipse.pde.internal.model.jars,WorkspaceJarsModel,save,Empty catch clause
eclipse.pde.ui-20011204,org.eclipse.pde.internal.preferences,AdvancedTracingPreferencePage,createContents,Magic Number
eclipse.pde.ui-20011204,org.eclipse.pde.internal.preferences,AdvancedTracingPreferencePage,createContents,Magic Number
eclipse.pde.ui-20011204,org.eclipse.pde.internal.preferences,AdvancedTracingPreferencePage,createContents,Magic Number
eclipse.pde.ui-20011204,org.eclipse.pde.internal.preferences,BuildpathPreferencePage,createFieldEditors,Long Statement
eclipse.pde.ui-20011204,org.eclipse.pde.internal.preferences,BuildpathPreferencePage,createFieldEditors,Long Statement
eclipse.pde.ui-20011204,org.eclipse.pde.internal.preferences,BuildpathPreferencePage,createFieldEditors,Long Statement
eclipse.pde.ui-20011204,org.eclipse.pde.internal.preferences,BuildpathPreferencePage,createFieldEditors,Long Statement
eclipse.pde.ui-20011204,org.eclipse.pde.internal.preferences,ExternalPluginsBlock,createContents,Magic Number
eclipse.pde.ui-20011204,org.eclipse.pde.internal.preferences,ExternalPluginsBlock,createContents,Magic Number
eclipse.pde.ui-20011204,org.eclipse.pde.internal.preferences,ExternalPluginsBlock,createContents,Magic Number
eclipse.pde.ui-20011204,org.eclipse.pde.internal.preferences,ExternalPluginsBlock,createContents,Magic Number
eclipse.pde.ui-20011204,org.eclipse.pde.internal.preferences,ExternalPluginsBlock,createContents,Magic Number
eclipse.pde.ui-20011204,org.eclipse.pde.internal.preferences,ExternalPluginsBlock,createContents,Magic Number
eclipse.pde.ui-20011204,org.eclipse.pde.internal.preferences,PDEBasePreferencePage,createFieldEditors,Long Statement
eclipse.pde.ui-20011204,org.eclipse.pde.internal.preferences,PDEBasePreferencePage,createFieldEditors,Long Statement
eclipse.pde.ui-20011204,org.eclipse.pde.internal.preferences,PDEBasePreferencePage,createFieldEditors,Long Statement
eclipse.pde.ui-20011204,org.eclipse.pde.internal.preferences,RuntimeTracingPreferencePage,createContents,Magic Number
eclipse.pde.ui-20011204,org.eclipse.pde.internal.preferences,StringFieldEditorWithSpace,getNumberOfControls,Magic Number
eclipse.pde.ui-20011204,org.eclipse.pde.internal.preferences,StringFieldEditorWithSpace,adjustForNumColumns,Magic Number
eclipse.pde.ui-20011204,org.eclipse.pde.internal.schema,AbstractSchemaDescriptor,createAbsoluteImageDescriptor,Empty catch clause
eclipse.pde.ui-20011204,org.eclipse.pde.internal.schema,FileSchemaDescriptor,getInstallURL,Empty catch clause
eclipse.pde.ui-20011204,org.eclipse.pde.internal.schema,FileSchemaDescriptor,getSchemaURL,Empty catch clause
eclipse.pde.ui-20011204,org.eclipse.pde.internal.schema,MappedSchemaDescriptor,getSchemaURL,Empty catch clause
eclipse.pde.ui-20011204,org.eclipse.pde.internal.schema,Schema,load,Empty catch clause
eclipse.pde.ui-20011204,org.eclipse.pde.internal.schema,Schema,load,Empty catch clause
eclipse.pde.ui-20011204,org.eclipse.pde.internal.schema,Schema,processAttribute,Complex Method
eclipse.pde.ui-20011204,org.eclipse.pde.internal.schema,Schema,processAttributeAnnotation,Complex Method
eclipse.pde.ui-20011204,org.eclipse.pde.internal.schema,Schema,processCompositorChild,Complex Conditional
eclipse.pde.ui-20011204,org.eclipse.pde.internal.schema,Schema,processCompositorChild,Complex Conditional
eclipse.pde.ui-20011204,org.eclipse.pde.internal.schema,Schema,processElement,Complex Method
eclipse.pde.ui-20011204,org.eclipse.pde.internal.schema,Schema,processElementAnnotation,Complex Method
eclipse.pde.ui-20011204,org.eclipse.pde.internal.schema,Schema,processSchemaAnnotation,Complex Method
eclipse.pde.ui-20011204,org.eclipse.pde.internal.schema,SchemaAttribute,write,Complex Conditional
eclipse.pde.ui-20011204,org.eclipse.pde.internal.schema,SchemaAttribute,write,Complex Method
eclipse.pde.ui-20011204,org.eclipse.pde.internal.schema,SchemaCompositor,write,Complex Method
eclipse.pde.ui-20011204,org.eclipse.pde.internal.schema,SchemaElement,calculateChildRepresentation,Complex Method
eclipse.pde.ui-20011204,org.eclipse.pde.internal.schema,SchemaElement,write,Complex Conditional
eclipse.pde.ui-20011204,org.eclipse.pde.internal.schema,SchemaElement,write,Complex Method
eclipse.pde.ui-20011204,org.eclipse.pde.internal.schema,SchemaObject,getWritableDescription,Missing default
eclipse.pde.ui-20011204,org.eclipse.pde.internal.schema,SchemaRegistry,visit,Complex Method
eclipse.pde.ui-20011204,org.eclipse.pde.internal.wizards,PluginPathUpdater,getSourceAnnotation,Magic Number
eclipse.pde.ui-20011204,org.eclipse.pde.internal.wizards,PluginPathUpdater,isAlreadyPresent,Complex Conditional
eclipse.pde.ui-20011204,org.eclipse.pde.internal.wizards,PluginPathUpdater,isAlreadyPresent,Long Statement
eclipse.pde.ui-20011204,org.eclipse.pde.internal.wizards,PluginPathUpdater,updateLibrariesFor,Long Statement
eclipse.pde.ui-20011204,org.eclipse.pde.internal.wizards,PluginPathUpdater,updateLibrary,Complex Method
eclipse.pde.ui-20011204,org.eclipse.pde.internal.wizards,PluginPathUpdater,updateLibrary,Long Parameter List
eclipse.pde.ui-20011204,org.eclipse.pde.internal.wizards,PluginPathUpdater,expandLibraryName,Complex Method
eclipse.pde.ui-20011204,org.eclipse.pde.internal.wizards,PluginPathUpdater,updateLibrary,Long Parameter List
eclipse.pde.ui-20011204,org.eclipse.pde.internal.wizards,PluginPathUpdater,updateSourceFolder,Long Parameter List
eclipse.pde.ui-20011204,org.eclipse.pde.internal.wizards,WizardListSelectionPage,createControl,Long Statement
eclipse.pde.ui-20011204,org.eclipse.pde.internal.wizards,WizardListSelectionPage,createTable,Magic Number
eclipse.pde.ui-20011204,org.eclipse.pde.internal.wizards,WizardNode,getWizard,Long Statement
eclipse.pde.ui-20011204,org.eclipse.pde.internal.wizards,WizardTreeSelectionPage,createControl,Long Statement
eclipse.pde.ui-20011204,org.eclipse.pde.internal.wizards,WizardTreeSelectionPage,createControl,Magic Number
eclipse.pde.ui-20011204,org.eclipse.pde.internal.wizards,WizardTreeSelectionPage,createControl,Magic Number
eclipse.pde.ui-20011204,org.eclipse.pde.internal.wizards,WizardTreeSelectionPage,createControl,Magic Number
eclipse.pde.ui-20011204,org.eclipse.pde.internal.wizards,WizardTreeSelectionPage,handleCategorySelection,Long Statement
eclipse.pde.ui-20011204,org.eclipse.pde.internal.wizards.extension,BaseExtensionPointMainPage,createControl,Magic Number
eclipse.pde.ui-20011204,org.eclipse.pde.internal.wizards.extension,BaseExtensionPointMainPage,createControl,Magic Number
eclipse.pde.ui-20011204,org.eclipse.pde.internal.wizards.extension,BaseExtensionPointMainPage,createControl,Magic Number
eclipse.pde.ui-20011204,org.eclipse.pde.internal.wizards.extension,BaseExtensionPointMainPage,generateSchemaFile,Long Parameter List
eclipse.pde.ui-20011204,org.eclipse.pde.internal.wizards.extension,NewExtensionRegistryReader,createWizardElement,Complex Conditional
eclipse.pde.ui-20011204,org.eclipse.pde.internal.wizards.extension,NewExtensionRegistryReader,insertUsingCategory,Long Statement
eclipse.pde.ui-20011204,org.eclipse.pde.internal.wizards.extension,NewExtensionRegistryReader,moveElementToUncategorizedCategory,Long Identifier
eclipse.pde.ui-20011204,org.eclipse.pde.internal.wizards.extension,NewExtensionRegistryReader,moveElementToUncategorizedCategory,Long Statement
eclipse.pde.ui-20011204,org.eclipse.pde.internal.wizards.extension,NewExtensionWizard,addPages,Long Statement
eclipse.pde.ui-20011204,org.eclipse.pde.internal.wizards.extension,PointSelectionPage,createControl,Magic Number
eclipse.pde.ui-20011204,org.eclipse.pde.internal.wizards.extension,PointSelectionPage,createControl,Magic Number
eclipse.pde.ui-20011204,org.eclipse.pde.internal.wizards.extension,PointSelectionPage,createControl,Magic Number
eclipse.pde.ui-20011204,org.eclipse.pde.internal.wizards.extension,PointSelectionPage,createControl,Magic Number
eclipse.pde.ui-20011204,org.eclipse.pde.internal.wizards.extension,PointSelectionPage,createControl,Magic Number
eclipse.pde.ui-20011204,org.eclipse.pde.internal.wizards.extension,PointSelectionPage,createDescriptionIn,Magic Number
eclipse.pde.ui-20011204,org.eclipse.pde.internal.wizards.project,ConvertJavaToPDEProjectAction,run,Empty catch clause
eclipse.pde.ui-20011204,org.eclipse.pde.internal.wizards.project,ConvertJavaToPDEProjectAction,run,Magic Number
eclipse.pde.ui-20011204,org.eclipse.pde.internal.wizards.project,ConvertJavaToPDEProjectAction,execute,Magic Number
eclipse.pde.ui-20011204,org.eclipse.pde.internal.wizards.project,ConvertedProjectsPage,convertProjects,Magic Number
eclipse.pde.ui-20011204,org.eclipse.pde.internal.wizards.project,ConvertedProjectsPage,createControl,Magic Number
eclipse.pde.ui-20011204,org.eclipse.pde.internal.wizards.project,ConvertedProjectsPage,createControl,Magic Number
eclipse.pde.ui-20011204,org.eclipse.pde.internal.wizards.project,ConvertedProjectsPage,createControl,Magic Number
eclipse.pde.ui-20011204,org.eclipse.pde.internal.wizards.project,ConvertedProjectsPage,createControl,Magic Number
eclipse.pde.ui-20011204,org.eclipse.pde.internal.wizards.project,DefaultCodeGenerationPage,appendAttribute,Long Parameter List
eclipse.pde.ui-20011204,org.eclipse.pde.internal.wizards.project,DefaultCodeGenerationPage,browsePluginId,Magic Number
eclipse.pde.ui-20011204,org.eclipse.pde.internal.wizards.project,DefaultCodeGenerationPage,browsePluginId,Magic Number
eclipse.pde.ui-20011204,org.eclipse.pde.internal.wizards.project,DefaultCodeGenerationPage,run,Magic Number
eclipse.pde.ui-20011204,org.eclipse.pde.internal.wizards.project,DefaultCodeGenerationPage,run,Magic Number
eclipse.pde.ui-20011204,org.eclipse.pde.internal.wizards.project,DefaultCodeGenerationPage,createControl,Magic Number
eclipse.pde.ui-20011204,org.eclipse.pde.internal.wizards.project,DefaultCodeGenerationPage,createControl,Magic Number
eclipse.pde.ui-20011204,org.eclipse.pde.internal.wizards.project,DefaultCodeGenerationPage,createControl,Magic Number
eclipse.pde.ui-20011204,org.eclipse.pde.internal.wizards.project,DefaultCodeGenerationPage,createControl,Magic Number
eclipse.pde.ui-20011204,org.eclipse.pde.internal.wizards.project,DefaultCodeGenerationPage,createControl,Magic Number
eclipse.pde.ui-20011204,org.eclipse.pde.internal.wizards.project,DefaultCodeGenerationPage,createProject,Long Statement
eclipse.pde.ui-20011204,org.eclipse.pde.internal.wizards.project,DefaultCodeGenerationPage,generatePluginFile,Long Statement
eclipse.pde.ui-20011204,org.eclipse.pde.internal.wizards.project,DefaultCodeGenerationPage,setJavaSettings,Complex Method
eclipse.pde.ui-20011204,org.eclipse.pde.internal.wizards.project,NewProjectWizard,addPages,Long Statement
eclipse.pde.ui-20011204,org.eclipse.pde.internal.wizards.project,NewProjectWizard,createWizardElement,Complex Conditional
eclipse.pde.ui-20011204,org.eclipse.pde.internal.wizards.project,PluginClassCodeGenerator,generateContents,Complex Method
eclipse.pde.ui-20011204,org.eclipse.pde.internal.wizards.project,PluginSelectionDialog,createDialogArea,Magic Number
eclipse.pde.ui-20011204,org.eclipse.pde.internal.wizards.project,PluginSelectionDialog,createDialogArea,Magic Number
eclipse.pde.ui-20011204,org.eclipse.pde.internal.wizards.project,PluginSelectionDialog,createTree,Magic Number
eclipse.pde.ui-20011204,org.eclipse.pde.internal.wizards.project,ProjectCodeGeneratorsPage,ProjectCodeGeneratorsPage,Long Parameter List
eclipse.pde.ui-20011204,org.eclipse.pde.internal.wizards.project,ProjectCodeGeneratorsPage,createControl,Long Statement
eclipse.pde.ui-20011204,org.eclipse.pde.internal.wizards.project,ProjectCodeGeneratorsPage,createControl,Magic Number
eclipse.pde.ui-20011204,org.eclipse.pde.internal.wizards.project,ProjectCodeGeneratorsPage,runJavaSettingsOperation,Empty catch clause
eclipse.pde.ui-20011204,org.eclipse.pde.internal.wizards.project,ProjectCodeGeneratorsPage,setJavaSettings,Long Statement
eclipse.pde.ui-20011204,org.eclipse.pde.internal.wizards.project,ProjectStructurePage,createProject,Long Statement
eclipse.pde.ui-20011204,org.eclipse.pde.internal.wizards.project,ProjectStructurePage,createControl,Magic Number
eclipse.pde.ui-20011204,org.eclipse.pde.internal.wizards.project,ProjectStructurePage,createControl,Magic Number
