Project Name,Package Name,Type Name,Code Smell
eclipse.pde.ui-011101,org.eclipse.pde.internal.runtime,OverlayIcon,Unutilized Abstraction
eclipse.pde.ui-011101,org.eclipse.pde.internal.runtime,PDERuntimePluginImages,Deficient Encapsulation
eclipse.pde.ui-011101,org.eclipse.pde.internal.runtime.logview,LogViewContentProvider,Unutilized Abstraction
eclipse.pde.ui-011101,org.eclipse.pde.internal.runtime.logview,StatusPropertyPage,Unutilized Abstraction
eclipse.pde.ui-011101,org.eclipse.pde.internal.runtime.logview,StatusPropertyPage,Deficient Encapsulation
eclipse.pde.ui-011101,org.eclipse.pde.internal.runtime.registry,ConfigurationElementAdapter,Unutilized Abstraction
eclipse.pde.ui-011101,org.eclipse.pde.internal.runtime.registry,ConfigurationElementAdapter,Broken Hierarchy
eclipse.pde.ui-011101,org.eclipse.pde.internal.runtime.registry,ConfigurationElementPropertySource,Unutilized Abstraction
eclipse.pde.ui-011101,org.eclipse.pde.internal.runtime.registry,ExtensionAdapter,Unutilized Abstraction
eclipse.pde.ui-011101,org.eclipse.pde.internal.runtime.registry,ExtensionAdapter,Broken Hierarchy
eclipse.pde.ui-011101,org.eclipse.pde.internal.runtime.registry,ExtensionPointAdapter,Unutilized Abstraction
eclipse.pde.ui-011101,org.eclipse.pde.internal.runtime.registry,ExtensionPointAdapter,Broken Hierarchy
eclipse.pde.ui-011101,org.eclipse.pde.internal.runtime.registry,ExtensionPointPropertySource,Unutilized Abstraction
eclipse.pde.ui-011101,org.eclipse.pde.internal.runtime.registry,ExtensionPointPropertySource,Deficient Encapsulation
eclipse.pde.ui-011101,org.eclipse.pde.internal.runtime.registry,ExtensionPropertySource,Unutilized Abstraction
eclipse.pde.ui-011101,org.eclipse.pde.internal.runtime.registry,ExtensionPropertySource,Deficient Encapsulation
eclipse.pde.ui-011101,org.eclipse.pde.internal.runtime.registry,IPluginFolder,Deficient Encapsulation
eclipse.pde.ui-011101,org.eclipse.pde.internal.runtime.registry,LibraryPropertySource,Unutilized Abstraction
eclipse.pde.ui-011101,org.eclipse.pde.internal.runtime.registry,LibraryPropertySource,Deficient Encapsulation
eclipse.pde.ui-011101,org.eclipse.pde.internal.runtime.registry,ParentAdapter,Unutilized Abstraction
eclipse.pde.ui-011101,org.eclipse.pde.internal.runtime.registry,ParentAdapter,Broken Hierarchy
eclipse.pde.ui-011101,org.eclipse.pde.internal.runtime.registry,PluginObjectAdapter,Unutilized Abstraction
eclipse.pde.ui-011101,org.eclipse.pde.internal.runtime.registry,PluginPropertySource,Unutilized Abstraction
eclipse.pde.ui-011101,org.eclipse.pde.internal.runtime.registry,PluginPropertySource,Deficient Encapsulation
eclipse.pde.ui-011101,org.eclipse.pde.internal.runtime.registry,PrerequisitePropertySource,Unutilized Abstraction
eclipse.pde.ui-011101,org.eclipse.pde.internal.runtime.registry,PrerequisitePropertySource,Deficient Encapsulation
eclipse.pde.ui-011101,org.eclipse.pde.internal.runtime.registry,PropertiesAction,Unutilized Abstraction
eclipse.pde.ui-011101,org.eclipse.pde.internal.runtime.registry,PropertiesAction,Deficient Encapsulation
eclipse.pde.ui-011101,org.eclipse.pde.internal.runtime.registry,RegistryBrowser,Deficient Encapsulation
eclipse.pde.ui-011101,org.eclipse.pde.internal.runtime.registry,RegistryBrowserContentProvider,Unutilized Abstraction
eclipse.pde.ui-011101,org.eclipse.pde.internal.runtime.registry,RegistryBrowserContentProvider,Unexploited Encapsulation
eclipse.pde.ui-011101,org.eclipse.pde.internal.runtime.registry,RegistryBrowserContentProvider,Missing Hierarchy
eclipse.pde.ui-011101,org.eclipse.pde.internal.runtime.registry,PluginFolder,Unutilized Abstraction
eclipse.pde.ui-011101,org.eclipse.pde.internal.runtime.registry,RegistryBrowserLabelProvider,Unutilized Abstraction
eclipse.pde.ui-011101,org.eclipse.pde.internal.runtime.registry,RegistryBrowserLabelProvider,Missing Hierarchy
eclipse.pde.ui-011101,org.eclipse.pde.internal.runtime.registry,RegistryPropertySource,Unutilized Abstraction
eclipse.pde.ui-011101,org.eclipse.pde.internal.runtime.registry,RegistryPropertySourceFactory,Unutilized Abstraction
eclipse.pde.ui-011101,org.eclipse.pde.internal,ArraySorter,Unutilized Abstraction
eclipse.pde.ui-011101,org.eclipse.pde.internal,ArraySorter,Deficient Encapsulation
eclipse.pde.ui-011101,org.eclipse.pde.internal,BaseProject,Unutilized Abstraction
eclipse.pde.ui-011101,org.eclipse.pde.internal,ExternalModelManager,Cyclic-Dependent Modularization
eclipse.pde.ui-011101,org.eclipse.pde.internal,OverlayIcon,Unutilized Abstraction
eclipse.pde.ui-011101,org.eclipse.pde.internal,PDEPerspective,Unutilized Abstraction
eclipse.pde.ui-011101,org.eclipse.pde.internal,PDEPlugin,Deficient Encapsulation
eclipse.pde.ui-011101,org.eclipse.pde.internal,PDEPlugin,Cyclic-Dependent Modularization
eclipse.pde.ui-011101,org.eclipse.pde.internal,PDEPlugin,Insufficient Modularization
eclipse.pde.ui-011101,org.eclipse.pde.internal,PDEPluginImages,Deficient Encapsulation
eclipse.pde.ui-011101,org.eclipse.pde.internal,PluginProject,Unutilized Abstraction
eclipse.pde.ui-011101,org.eclipse.pde.internal,PluginProject,Broken Hierarchy
eclipse.pde.ui-011101,org.eclipse.pde.internal,Sorter,Unutilized Abstraction
eclipse.pde.ui-011101,org.eclipse.pde.internal,TracingOptionsManager,Cyclic-Dependent Modularization
eclipse.pde.ui-011101,org.eclipse.pde.internal,WorkspaceModelManager,Cyclic-Dependent Modularization
eclipse.pde.ui-011101,org.eclipse.pde.internal,WorkspaceModelManager,Insufficient Modularization
eclipse.pde.ui-011101,org.eclipse.pde.internal,ModelInfo,Unutilized Abstraction
eclipse.pde.ui-011101,org.eclipse.pde.internal.base,IBasePluginWizard,Unnecessary Abstraction
eclipse.pde.ui-011101,org.eclipse.pde.internal.base,IBasePluginWizard,Unutilized Abstraction
eclipse.pde.ui-011101,org.eclipse.pde.internal.base,IExtensionWizard,Unutilized Abstraction
eclipse.pde.ui-011101,org.eclipse.pde.internal.base,IExtensionWizard,Broken Hierarchy
eclipse.pde.ui-011101,org.eclipse.pde.internal.base,IPluginContentWizard,Unutilized Abstraction
eclipse.pde.ui-011101,org.eclipse.pde.internal.base.model,IIdentifiable,Unutilized Abstraction
eclipse.pde.ui-011101,org.eclipse.pde.internal.base.model,IIdentifiable,Deficient Encapsulation
eclipse.pde.ui-011101,org.eclipse.pde.internal.base.model,IWritable,Unutilized Abstraction
eclipse.pde.ui-011101,org.eclipse.pde.internal.base.model.build,IBuild,Unutilized Abstraction
eclipse.pde.ui-011101,org.eclipse.pde.internal.base.model.build,IBuildEntry,Deficient Encapsulation
eclipse.pde.ui-011101,org.eclipse.pde.internal.base.model.build,IBuildModel,Unutilized Abstraction
eclipse.pde.ui-011101,org.eclipse.pde.internal.base.model.build,IBuildModelFactory,Unutilized Abstraction
eclipse.pde.ui-011101,org.eclipse.pde.internal.base.model.component,IComponent,Unutilized Abstraction
eclipse.pde.ui-011101,org.eclipse.pde.internal.base.model.component,IComponent,Deficient Encapsulation
eclipse.pde.ui-011101,org.eclipse.pde.internal.base.model.component,IComponent,Broken Hierarchy
eclipse.pde.ui-011101,org.eclipse.pde.internal.base.model.component,IComponentFragment,Unnecessary Abstraction
eclipse.pde.ui-011101,org.eclipse.pde.internal.base.model.component,IComponentModel,Unutilized Abstraction
eclipse.pde.ui-011101,org.eclipse.pde.internal.base.model.component,IComponentModelFactory,Unutilized Abstraction
eclipse.pde.ui-011101,org.eclipse.pde.internal.base.model.component,IComponentObject,Unutilized Abstraction
eclipse.pde.ui-011101,org.eclipse.pde.internal.base.model.component,IComponentPlugin,Unnecessary Abstraction
eclipse.pde.ui-011101,org.eclipse.pde.internal.base.model.component,IComponentReference,Unutilized Abstraction
eclipse.pde.ui-011101,org.eclipse.pde.internal.base.model.component,IComponentReference,Deficient Encapsulation
eclipse.pde.ui-011101,org.eclipse.pde.internal.base.model.component,IComponentReference,Broken Hierarchy
eclipse.pde.ui-011101,org.eclipse.pde.internal.base.model.component,IComponentURL,Unutilized Abstraction
eclipse.pde.ui-011101,org.eclipse.pde.internal.base.model.component,IComponentURL,Broken Hierarchy
eclipse.pde.ui-011101,org.eclipse.pde.internal.base.model.component,IComponentURLElement,Unutilized Abstraction
eclipse.pde.ui-011101,org.eclipse.pde.internal.base.model.component,IComponentURLElement,Deficient Encapsulation
eclipse.pde.ui-011101,org.eclipse.pde.internal.base.model.component,IComponentURLElement,Broken Hierarchy
eclipse.pde.ui-011101,org.eclipse.pde.internal.base.model.plugin,IFragment,Unutilized Abstraction
eclipse.pde.ui-011101,org.eclipse.pde.internal.base.model.plugin,IFragment,Deficient Encapsulation
eclipse.pde.ui-011101,org.eclipse.pde.internal.base.model.plugin,IFragmentModel,Unutilized Abstraction
eclipse.pde.ui-011101,org.eclipse.pde.internal.base.model.plugin,IFragmentModel,Broken Hierarchy
eclipse.pde.ui-011101,org.eclipse.pde.internal.base.model.plugin,IJarEntry,Deficient Encapsulation
eclipse.pde.ui-011101,org.eclipse.pde.internal.base.model.plugin,IJars,Unutilized Abstraction
eclipse.pde.ui-011101,org.eclipse.pde.internal.base.model.plugin,IJarsModel,Unutilized Abstraction
eclipse.pde.ui-011101,org.eclipse.pde.internal.base.model.plugin,IJarsModelFactory,Unutilized Abstraction
eclipse.pde.ui-011101,org.eclipse.pde.internal.base.model.plugin,IPlugin,Unutilized Abstraction
eclipse.pde.ui-011101,org.eclipse.pde.internal.base.model.plugin,IPlugin,Deficient Encapsulation
eclipse.pde.ui-011101,org.eclipse.pde.internal.base.model.plugin,IPluginAttribute,Unutilized Abstraction
eclipse.pde.ui-011101,org.eclipse.pde.internal.base.model.plugin,IPluginAttribute,Deficient Encapsulation
eclipse.pde.ui-011101,org.eclipse.pde.internal.base.model.plugin,IPluginAttribute,Broken Hierarchy
eclipse.pde.ui-011101,org.eclipse.pde.internal.base.model.plugin,IPluginBase,Unutilized Abstraction
eclipse.pde.ui-011101,org.eclipse.pde.internal.base.model.plugin,IPluginBase,Deficient Encapsulation
eclipse.pde.ui-011101,org.eclipse.pde.internal.base.model.plugin,IPluginElement,Unutilized Abstraction
eclipse.pde.ui-011101,org.eclipse.pde.internal.base.model.plugin,IPluginElement,Deficient Encapsulation
eclipse.pde.ui-011101,org.eclipse.pde.internal.base.model.plugin,IPluginElement,Broken Hierarchy
eclipse.pde.ui-011101,org.eclipse.pde.internal.base.model.plugin,IPluginExtension,Unutilized Abstraction
eclipse.pde.ui-011101,org.eclipse.pde.internal.base.model.plugin,IPluginExtension,Deficient Encapsulation
eclipse.pde.ui-011101,org.eclipse.pde.internal.base.model.plugin,IPluginExtension,Broken Hierarchy
eclipse.pde.ui-011101,org.eclipse.pde.internal.base.model.plugin,IPluginExtensionPoint,Deficient Encapsulation
eclipse.pde.ui-011101,org.eclipse.pde.internal.base.model.plugin,IPluginImport,Deficient Encapsulation
eclipse.pde.ui-011101,org.eclipse.pde.internal.base.model.plugin,IPluginImport,Broken Hierarchy
eclipse.pde.ui-011101,org.eclipse.pde.internal.base.model.plugin,IPluginLibrary,Deficient Encapsulation
eclipse.pde.ui-011101,org.eclipse.pde.internal.base.model.plugin,IPluginModel,Unutilized Abstraction
eclipse.pde.ui-011101,org.eclipse.pde.internal.base.model.plugin,IPluginModel,Broken Hierarchy
eclipse.pde.ui-011101,org.eclipse.pde.internal.base.model.plugin,IPluginModelBase,Unutilized Abstraction
eclipse.pde.ui-011101,org.eclipse.pde.internal.base.model.plugin,IPluginModelFactory,Unutilized Abstraction
eclipse.pde.ui-011101,org.eclipse.pde.internal.base.model.plugin,IPluginParent,Unutilized Abstraction
eclipse.pde.ui-011101,org.eclipse.pde.internal.base.model.plugin,IPluginParent,Broken Hierarchy
eclipse.pde.ui-011101,org.eclipse.pde.internal.base.schema,IDocumentSection,Unutilized Abstraction
eclipse.pde.ui-011101,org.eclipse.pde.internal.base.schema,IDocumentSection,Broken Hierarchy
eclipse.pde.ui-011101,org.eclipse.pde.internal.base.schema,IMetaAttribute,Unutilized Abstraction
eclipse.pde.ui-011101,org.eclipse.pde.internal.base.schema,IMetaAttribute,Deficient Encapsulation
eclipse.pde.ui-011101,org.eclipse.pde.internal.base.schema,IMetaElement,Unutilized Abstraction
eclipse.pde.ui-011101,org.eclipse.pde.internal.base.schema,ISchema,Unutilized Abstraction
eclipse.pde.ui-011101,org.eclipse.pde.internal.base.schema,ISchema,Broken Hierarchy
eclipse.pde.ui-011101,org.eclipse.pde.internal.base.schema,ISchemaAttribute,Deficient Encapsulation
eclipse.pde.ui-011101,org.eclipse.pde.internal.base.schema,ISchemaAttribute,Broken Hierarchy
eclipse.pde.ui-011101,org.eclipse.pde.internal.base.schema,ISchemaAttributeProvider,Unutilized Abstraction
eclipse.pde.ui-011101,org.eclipse.pde.internal.base.schema,ISchemaComplexType,Unutilized Abstraction
eclipse.pde.ui-011101,org.eclipse.pde.internal.base.schema,ISchemaComplexType,Broken Hierarchy
eclipse.pde.ui-011101,org.eclipse.pde.internal.base.schema,ISchemaCompositor,Deficient Encapsulation
eclipse.pde.ui-011101,org.eclipse.pde.internal.base.schema,ISchemaCompositor,Broken Hierarchy
eclipse.pde.ui-011101,org.eclipse.pde.internal.base.schema,ISchemaDescriptor,Unutilized Abstraction
eclipse.pde.ui-011101,org.eclipse.pde.internal.base.schema,ISchemaElement,Broken Hierarchy
eclipse.pde.ui-011101,org.eclipse.pde.internal.base.schema,ISchemaEnumeration,Unnecessary Abstraction
eclipse.pde.ui-011101,org.eclipse.pde.internal.base.schema,ISchemaEnumeration,Unutilized Abstraction
eclipse.pde.ui-011101,org.eclipse.pde.internal.base.schema,ISchemaObject,Deficient Encapsulation
eclipse.pde.ui-011101,org.eclipse.pde.internal.base.schema,ISchemaObjectReference,Unutilized Abstraction
eclipse.pde.ui-011101,org.eclipse.pde.internal.base.schema,ISchemaRepeatable,Unutilized Abstraction
eclipse.pde.ui-011101,org.eclipse.pde.internal.base.schema,ISchemaRestriction,Unutilized Abstraction
eclipse.pde.ui-011101,org.eclipse.pde.internal.base.schema,ISchemaRestriction,Broken Hierarchy
eclipse.pde.ui-011101,org.eclipse.pde.internal.base.schema,ISchemaSimpleType,Unutilized Abstraction
eclipse.pde.ui-011101,org.eclipse.pde.internal.base.schema,ISchemaType,Unutilized Abstraction
eclipse.pde.ui-011101,org.eclipse.pde.internal.builders,ComponentConsistencyChecker,Unutilized Abstraction
eclipse.pde.ui-011101,org.eclipse.pde.internal.builders,ComponentConsistencyChecker,Deficient Encapsulation
eclipse.pde.ui-011101,org.eclipse.pde.internal.builders,DeltaVisitor,Unutilized Abstraction
eclipse.pde.ui-011101,org.eclipse.pde.internal.builders,ExtensionPointSchemaBuilder,Unutilized Abstraction
eclipse.pde.ui-011101,org.eclipse.pde.internal.builders,ExtensionPointSchemaBuilder,Deficient Encapsulation
eclipse.pde.ui-011101,org.eclipse.pde.internal.builders,DeltaVisitor,Unutilized Abstraction
eclipse.pde.ui-011101,org.eclipse.pde.internal.builders,ManifestConsistencyChecker,Unutilized Abstraction
eclipse.pde.ui-011101,org.eclipse.pde.internal.builders,ManifestConsistencyChecker,Deficient Encapsulation
eclipse.pde.ui-011101,org.eclipse.pde.internal.builders,DeltaVisitor,Unutilized Abstraction
eclipse.pde.ui-011101,org.eclipse.pde.internal.builders,SchemaTransformer,Unutilized Abstraction
eclipse.pde.ui-011101,org.eclipse.pde.internal.codegen,AttributeClassCodeGenerator,Unutilized Abstraction
eclipse.pde.ui-011101,org.eclipse.pde.internal.component,BuildComponentJarAction,Unutilized Abstraction
eclipse.pde.ui-011101,org.eclipse.pde.internal.component,BuildPluginAction,Unutilized Abstraction
eclipse.pde.ui-011101,org.eclipse.pde.internal.component,BuildPluginWizardPage,Deficient Encapsulation
eclipse.pde.ui-011101,org.eclipse.pde.internal.component,JarsBuildListener,Unutilized Abstraction
eclipse.pde.ui-011101,org.eclipse.pde.internal.component,ComponentJarWizardPage,Deficient Encapsulation
eclipse.pde.ui-011101,org.eclipse.pde.internal.component,JarsBuildListener,Unutilized Abstraction
eclipse.pde.ui-011101,org.eclipse.pde.internal.component,ComponentProject,Unutilized Abstraction
eclipse.pde.ui-011101,org.eclipse.pde.internal.component,ComponentSpecPage,Deficient Encapsulation
eclipse.pde.ui-011101,org.eclipse.pde.internal.component,FragmentListPage,Deficient Encapsulation
eclipse.pde.ui-011101,org.eclipse.pde.internal.component,FragmentContentProvider,Unutilized Abstraction
eclipse.pde.ui-011101,org.eclipse.pde.internal.component,FragmentLabelProvider,Unutilized Abstraction
eclipse.pde.ui-011101,org.eclipse.pde.internal.component,NewComponentProjectWizard,Unutilized Abstraction
eclipse.pde.ui-011101,org.eclipse.pde.internal.component,NewComponentProjectWizard,Deficient Encapsulation
eclipse.pde.ui-011101,org.eclipse.pde.internal.component,PluginListPage,Deficient Encapsulation
eclipse.pde.ui-011101,org.eclipse.pde.internal.component,PluginContentProvider,Unutilized Abstraction
eclipse.pde.ui-011101,org.eclipse.pde.internal.component,PluginLabelProvider,Unutilized Abstraction
eclipse.pde.ui-011101,org.eclipse.pde.internal.editor,FormOutlinePage,Unutilized Abstraction
eclipse.pde.ui-011101,org.eclipse.pde.internal.editor,BasicContentProvider,Unutilized Abstraction
eclipse.pde.ui-011101,org.eclipse.pde.internal.editor,BasicLabelProvider,Unutilized Abstraction
eclipse.pde.ui-011101,org.eclipse.pde.internal.editor,IOpenablePropertySource,Unutilized Abstraction
eclipse.pde.ui-011101,org.eclipse.pde.internal.editor,ModifiedTextCellEditor,Unutilized Abstraction
eclipse.pde.ui-011101,org.eclipse.pde.internal.editor,ModifiedTextPropertyDescriptor,Unutilized Abstraction
eclipse.pde.ui-011101,org.eclipse.pde.internal.editor,PDEChildFormPage,Unutilized Abstraction
eclipse.pde.ui-011101,org.eclipse.pde.internal.editor,PDEChildFormPage,Rebellious Hierarchy
eclipse.pde.ui-011101,org.eclipse.pde.internal.editor,PDEEditorContributor,Deficient Encapsulation
eclipse.pde.ui-011101,org.eclipse.pde.internal.editor,PDEEditorContributor,Cyclic-Dependent Modularization
eclipse.pde.ui-011101,org.eclipse.pde.internal.editor,GlobalAction,Unutilized Abstraction
eclipse.pde.ui-011101,org.eclipse.pde.internal.editor,SaveAction,Unutilized Abstraction
eclipse.pde.ui-011101,org.eclipse.pde.internal.editor,PDEFormPage,Cyclic-Dependent Modularization
eclipse.pde.ui-011101,org.eclipse.pde.internal.editor,PDEFormPage,Insufficient Modularization
eclipse.pde.ui-011101,org.eclipse.pde.internal.editor,PDEFormSection,Unutilized Abstraction
eclipse.pde.ui-011101,org.eclipse.pde.internal.editor,PDEMultiPageContentOutline,Cyclic-Dependent Modularization
eclipse.pde.ui-011101,org.eclipse.pde.internal.editor,PDEMultiPageEditor,Deficient Encapsulation
eclipse.pde.ui-011101,org.eclipse.pde.internal.editor,PDEMultiPageEditor,Cyclic-Dependent Modularization
eclipse.pde.ui-011101,org.eclipse.pde.internal.editor,PDEMultiPageEditor,Insufficient Modularization
eclipse.pde.ui-011101,org.eclipse.pde.internal.editor,PageRec,Unutilized Abstraction
eclipse.pde.ui-011101,org.eclipse.pde.internal.editor,PDEMultiPageXMLEditor,Unutilized Abstraction
eclipse.pde.ui-011101,org.eclipse.pde.internal.editor,UTF8FileDocumentProvider,Unutilized Abstraction
eclipse.pde.ui-011101,org.eclipse.pde.internal.editor,PDESourcePage,Unutilized Abstraction
eclipse.pde.ui-011101,org.eclipse.pde.internal.editor,PDESourcePage,Deficient Encapsulation
eclipse.pde.ui-011101,org.eclipse.pde.internal.editor,PDESourcePage,Insufficient Modularization
eclipse.pde.ui-011101,org.eclipse.pde.internal.editor,DocumentListener,Unutilized Abstraction
eclipse.pde.ui-011101,org.eclipse.pde.internal.editor,PropertiesAction,Unutilized Abstraction
eclipse.pde.ui-011101,org.eclipse.pde.internal.editor,PropertiesAction,Deficient Encapsulation
eclipse.pde.ui-011101,org.eclipse.pde.internal.editor,SubActionBars,Deficient Encapsulation
eclipse.pde.ui-011101,org.eclipse.pde.internal.editor,SystemFileDocumentProvider,Unutilized Abstraction
eclipse.pde.ui-011101,org.eclipse.pde.internal.editor,XMLConfiguration,Unutilized Abstraction
eclipse.pde.ui-011101,org.eclipse.pde.internal.editor.build,BuildEditorContributor,Unutilized Abstraction
eclipse.pde.ui-011101,org.eclipse.pde.internal.editor.build,BuildForm,Unutilized Abstraction
eclipse.pde.ui-011101,org.eclipse.pde.internal.editor.build,BuildForm,Deficient Encapsulation
eclipse.pde.ui-011101,org.eclipse.pde.internal.editor.build,BuildOutlinePage,Unutilized Abstraction
eclipse.pde.ui-011101,org.eclipse.pde.internal.editor.build,ContentProvider,Unutilized Abstraction
eclipse.pde.ui-011101,org.eclipse.pde.internal.editor.build,OutlineLabelProvider,Unutilized Abstraction
eclipse.pde.ui-011101,org.eclipse.pde.internal.editor.build,BuildPropertiesEditor,Deficient Encapsulation
eclipse.pde.ui-011101,org.eclipse.pde.internal.editor.build,BuildSourceOutlinePage,Unutilized Abstraction
eclipse.pde.ui-011101,org.eclipse.pde.internal.editor.build,ContentProvider,Unutilized Abstraction
eclipse.pde.ui-011101,org.eclipse.pde.internal.editor.build,BuildSourcePage,Unutilized Abstraction
eclipse.pde.ui-011101,org.eclipse.pde.internal.editor.build,TokenSection,Deficient Encapsulation
eclipse.pde.ui-011101,org.eclipse.pde.internal.editor.build,TokenSection,Insufficient Modularization
eclipse.pde.ui-011101,org.eclipse.pde.internal.editor.build,Token,Unutilized Abstraction
eclipse.pde.ui-011101,org.eclipse.pde.internal.editor.build,NameModifier,Unutilized Abstraction
eclipse.pde.ui-011101,org.eclipse.pde.internal.editor.build,TableContentProvider,Unutilized Abstraction
eclipse.pde.ui-011101,org.eclipse.pde.internal.editor.build,TableLabelProvider,Unutilized Abstraction
eclipse.pde.ui-011101,org.eclipse.pde.internal.editor.build,VariableSection,Deficient Encapsulation
eclipse.pde.ui-011101,org.eclipse.pde.internal.editor.build,VariableSection,Insufficient Modularization
eclipse.pde.ui-011101,org.eclipse.pde.internal.editor.build,NameModifier,Unutilized Abstraction
eclipse.pde.ui-011101,org.eclipse.pde.internal.editor.build,TableContentProvider,Unutilized Abstraction
eclipse.pde.ui-011101,org.eclipse.pde.internal.editor.build,TableLabelProvider,Unutilized Abstraction
eclipse.pde.ui-011101,org.eclipse.pde.internal.editor.build,VariableSelectionDialog,Deficient Encapsulation
eclipse.pde.ui-011101,org.eclipse.pde.internal.editor.build,TableContentProvider,Unutilized Abstraction
eclipse.pde.ui-011101,org.eclipse.pde.internal.editor.build,TableLabelProvider,Unutilized Abstraction
eclipse.pde.ui-011101,org.eclipse.pde.internal.editor.component,BuildComponentAction,Deficient Encapsulation
eclipse.pde.ui-011101,org.eclipse.pde.internal.editor.component,ComponentAdapterFactory,Unutilized Abstraction
eclipse.pde.ui-011101,org.eclipse.pde.internal.editor.component,ComponentEditor,Deficient Encapsulation
eclipse.pde.ui-011101,org.eclipse.pde.internal.editor.component,ComponentForm,Unutilized Abstraction
eclipse.pde.ui-011101,org.eclipse.pde.internal.editor.component,ComponentOutlinePage,Unutilized Abstraction
eclipse.pde.ui-011101,org.eclipse.pde.internal.editor.component,ComponentOutlinePage,Missing Hierarchy
eclipse.pde.ui-011101,org.eclipse.pde.internal.editor.component,ContentProvider,Unutilized Abstraction
eclipse.pde.ui-011101,org.eclipse.pde.internal.editor.component,ContentProvider,Missing Hierarchy
eclipse.pde.ui-011101,org.eclipse.pde.internal.editor.component,OutlineLabelProvider,Unutilized Abstraction
eclipse.pde.ui-011101,org.eclipse.pde.internal.editor.component,ComponentPropertySource,Unutilized Abstraction
eclipse.pde.ui-011101,org.eclipse.pde.internal.editor.component,ComponentSourceOutlinePage,Unutilized Abstraction
eclipse.pde.ui-011101,org.eclipse.pde.internal.editor.component,ContentProvider,Unutilized Abstraction
eclipse.pde.ui-011101,org.eclipse.pde.internal.editor.component,ComponentSourcePage,Unutilized Abstraction
eclipse.pde.ui-011101,org.eclipse.pde.internal.editor.component,ComponentSpecSection,Deficient Encapsulation
eclipse.pde.ui-011101,org.eclipse.pde.internal.editor.component,ComponentSpecSection,Insufficient Modularization
eclipse.pde.ui-011101,org.eclipse.pde.internal.editor.component,DescriptionSection,Deficient Encapsulation
eclipse.pde.ui-011101,org.eclipse.pde.internal.editor.component,OpenReferenceAction,Deficient Encapsulation
eclipse.pde.ui-011101,org.eclipse.pde.internal.editor.component,PluginSection,Deficient Encapsulation
eclipse.pde.ui-011101,org.eclipse.pde.internal.editor.component,PluginSection,Insufficient Modularization
eclipse.pde.ui-011101,org.eclipse.pde.internal.editor.component,PluginContentProvider,Unutilized Abstraction
eclipse.pde.ui-011101,org.eclipse.pde.internal.editor.component,PluginLabelProvider,Unutilized Abstraction
eclipse.pde.ui-011101,org.eclipse.pde.internal.editor.component,ReferenceForm,Unutilized Abstraction
eclipse.pde.ui-011101,org.eclipse.pde.internal.editor.component,ReferencePropertySource,Unutilized Abstraction
eclipse.pde.ui-011101,org.eclipse.pde.internal.editor.component,ReferencePropertySource,Deficient Encapsulation
eclipse.pde.ui-011101,org.eclipse.pde.internal.editor.component,ReferencePropertySource,Broken Hierarchy
eclipse.pde.ui-011101,org.eclipse.pde.internal.editor.component,VersionProvider,Unutilized Abstraction
eclipse.pde.ui-011101,org.eclipse.pde.internal.editor.component,SynchronizeVersionsAction,Deficient Encapsulation
eclipse.pde.ui-011101,org.eclipse.pde.internal.editor.component,SynchronizeVersionsWizardPage,Deficient Encapsulation
eclipse.pde.ui-011101,org.eclipse.pde.internal.editor.component,URLElementPropertySource,Unutilized Abstraction
eclipse.pde.ui-011101,org.eclipse.pde.internal.editor.component,URLElementPropertySource,Deficient Encapsulation
eclipse.pde.ui-011101,org.eclipse.pde.internal.editor.component,URLElementPropertySource,Broken Hierarchy
eclipse.pde.ui-011101,org.eclipse.pde.internal.editor.component,URLSection,Deficient Encapsulation
eclipse.pde.ui-011101,org.eclipse.pde.internal.editor.component,URLSection,Insufficient Modularization
eclipse.pde.ui-011101,org.eclipse.pde.internal.editor.component,URLFolder,Unutilized Abstraction
eclipse.pde.ui-011101,org.eclipse.pde.internal.editor.component,URLContentProvider,Unutilized Abstraction
eclipse.pde.ui-011101,org.eclipse.pde.internal.editor.component,URLLabelProvider,Unutilized Abstraction
eclipse.pde.ui-011101,org.eclipse.pde.internal.editor.jars,FolderSection,Deficient Encapsulation
eclipse.pde.ui-011101,org.eclipse.pde.internal.editor.jars,TableContentProvider,Unutilized Abstraction
eclipse.pde.ui-011101,org.eclipse.pde.internal.editor.jars,TableLabelProvider,Unutilized Abstraction
eclipse.pde.ui-011101,org.eclipse.pde.internal.editor.jars,JarsEditorContributor,Unutilized Abstraction
eclipse.pde.ui-011101,org.eclipse.pde.internal.editor.jars,JarsForm,Unutilized Abstraction
eclipse.pde.ui-011101,org.eclipse.pde.internal.editor.jars,JarsForm,Deficient Encapsulation
eclipse.pde.ui-011101,org.eclipse.pde.internal.editor.jars,JarsOutlinePage,Unutilized Abstraction
eclipse.pde.ui-011101,org.eclipse.pde.internal.editor.jars,ContentProvider,Unutilized Abstraction
eclipse.pde.ui-011101,org.eclipse.pde.internal.editor.jars,OutlineLabelProvider,Unutilized Abstraction
eclipse.pde.ui-011101,org.eclipse.pde.internal.editor.jars,JarsSourceOutlinePage,Unutilized Abstraction
eclipse.pde.ui-011101,org.eclipse.pde.internal.editor.jars,ContentProvider,Unutilized Abstraction
eclipse.pde.ui-011101,org.eclipse.pde.internal.editor.jars,JarsSourcePage,Unutilized Abstraction
eclipse.pde.ui-011101,org.eclipse.pde.internal.editor.jars,LibrarySection,Deficient Encapsulation
eclipse.pde.ui-011101,org.eclipse.pde.internal.editor.jars,LibrarySection,Insufficient Modularization
eclipse.pde.ui-011101,org.eclipse.pde.internal.editor.jars,NameModifier,Unutilized Abstraction
eclipse.pde.ui-011101,org.eclipse.pde.internal.editor.jars,TableContentProvider,Unutilized Abstraction
eclipse.pde.ui-011101,org.eclipse.pde.internal.editor.jars,TableLabelProvider,Unutilized Abstraction
eclipse.pde.ui-011101,org.eclipse.pde.internal.editor.jars,PluginJarsEditor,Deficient Encapsulation
eclipse.pde.ui-011101,org.eclipse.pde.internal.editor.manifest,AlertSection,Deficient Encapsulation
eclipse.pde.ui-011101,org.eclipse.pde.internal.editor.manifest,DeltaVisitor,Unutilized Abstraction
eclipse.pde.ui-011101,org.eclipse.pde.internal.editor.manifest,DependenciesForm,Unutilized Abstraction
eclipse.pde.ui-011101,org.eclipse.pde.internal.editor.manifest,DependenciesForm,Deficient Encapsulation
eclipse.pde.ui-011101,org.eclipse.pde.internal.editor.manifest,DependencyGraph,Deficient Encapsulation
eclipse.pde.ui-011101,org.eclipse.pde.internal.editor.manifest,DependencyGraph,Insufficient Modularization
eclipse.pde.ui-011101,org.eclipse.pde.internal.editor.manifest,GraphLayout,Unutilized Abstraction
eclipse.pde.ui-011101,org.eclipse.pde.internal.editor.manifest,DetailChildrenSection,Deficient Encapsulation
eclipse.pde.ui-011101,org.eclipse.pde.internal.editor.manifest,DetailChildrenSection,Insufficient Modularization
eclipse.pde.ui-011101,org.eclipse.pde.internal.editor.manifest,ContentProvider,Unutilized Abstraction
eclipse.pde.ui-011101,org.eclipse.pde.internal.editor.manifest,ChildrenLabelProvider,Unutilized Abstraction
eclipse.pde.ui-011101,org.eclipse.pde.internal.editor.manifest,DetailExtensionPointSection,Deficient Encapsulation
eclipse.pde.ui-011101,org.eclipse.pde.internal.editor.manifest,TableContentProvider,Unutilized Abstraction
eclipse.pde.ui-011101,org.eclipse.pde.internal.editor.manifest,TableLabelProvider,Unutilized Abstraction
eclipse.pde.ui-011101,org.eclipse.pde.internal.editor.manifest,DetailExtensionSection,Deficient Encapsulation
eclipse.pde.ui-011101,org.eclipse.pde.internal.editor.manifest,DetailExtensionSection,Insufficient Modularization
eclipse.pde.ui-011101,org.eclipse.pde.internal.editor.manifest,ExtensionContentProvider,Unutilized Abstraction
eclipse.pde.ui-011101,org.eclipse.pde.internal.editor.manifest,ExtensionLabelProvider,Unutilized Abstraction
eclipse.pde.ui-011101,org.eclipse.pde.internal.editor.manifest,ExportSection,Deficient Encapsulation
eclipse.pde.ui-011101,org.eclipse.pde.internal.editor.manifest,ExportSection,Insufficient Modularization
eclipse.pde.ui-011101,org.eclipse.pde.internal.editor.manifest,NameFilter,Unutilized Abstraction
eclipse.pde.ui-011101,org.eclipse.pde.internal.editor.manifest,NameModifier,Unutilized Abstraction
eclipse.pde.ui-011101,org.eclipse.pde.internal.editor.manifest,TableContentProvider,Unutilized Abstraction
eclipse.pde.ui-011101,org.eclipse.pde.internal.editor.manifest,TableLabelProvider,Unutilized Abstraction
eclipse.pde.ui-011101,org.eclipse.pde.internal.editor.manifest,ExtensionElementPropertySource,Unutilized Abstraction
eclipse.pde.ui-011101,org.eclipse.pde.internal.editor.manifest,ExtensionElementPropertySource,Deficient Encapsulation
eclipse.pde.ui-011101,org.eclipse.pde.internal.editor.manifest,ExtensionElementPropertySource,Broken Hierarchy
eclipse.pde.ui-011101,org.eclipse.pde.internal.editor.manifest,PropertyLabelProvider,Unutilized Abstraction
eclipse.pde.ui-011101,org.eclipse.pde.internal.editor.manifest,ExtensionPointForm,Unutilized Abstraction
eclipse.pde.ui-011101,org.eclipse.pde.internal.editor.manifest,ExtensionPointForm,Deficient Encapsulation
eclipse.pde.ui-011101,org.eclipse.pde.internal.editor.manifest,ExtensionPointPropertySource,Unutilized Abstraction
eclipse.pde.ui-011101,org.eclipse.pde.internal.editor.manifest,ExtensionPointPropertySource,Broken Hierarchy
eclipse.pde.ui-011101,org.eclipse.pde.internal.editor.manifest,PropertyLabelProvider,Unutilized Abstraction
eclipse.pde.ui-011101,org.eclipse.pde.internal.editor.manifest,ExtensionPointSection,Deficient Encapsulation
eclipse.pde.ui-011101,org.eclipse.pde.internal.editor.manifest,ExtensionPropertySource,Unutilized Abstraction
eclipse.pde.ui-011101,org.eclipse.pde.internal.editor.manifest,ExtensionPropertySource,Broken Hierarchy
eclipse.pde.ui-011101,org.eclipse.pde.internal.editor.manifest,PropertyLabelProvider,Unutilized Abstraction
eclipse.pde.ui-011101,org.eclipse.pde.internal.editor.manifest,ExtensionSection,Deficient Encapsulation
eclipse.pde.ui-011101,org.eclipse.pde.internal.editor.manifest,ExtensionsForm,Unutilized Abstraction
eclipse.pde.ui-011101,org.eclipse.pde.internal.editor.manifest,ExtensionsForm,Deficient Encapsulation
eclipse.pde.ui-011101,org.eclipse.pde.internal.editor.manifest,ExtensionsPropertySheet,Unutilized Abstraction
eclipse.pde.ui-011101,org.eclipse.pde.internal.editor.manifest,ExtensionsPropertySheet,Deficient Encapsulation
eclipse.pde.ui-011101,org.eclipse.pde.internal.editor.manifest,ExtensionsPropertySheet,Unexploited Encapsulation
eclipse.pde.ui-011101,org.eclipse.pde.internal.editor.manifest,ExtensionsPropertySheet,Missing Hierarchy
eclipse.pde.ui-011101,org.eclipse.pde.internal.editor.manifest,ExtensionsPropertySheet,Insufficient Modularization
eclipse.pde.ui-011101,org.eclipse.pde.internal.editor.manifest,SubActionBars,Unutilized Abstraction
eclipse.pde.ui-011101,org.eclipse.pde.internal.editor.manifest,PropertyLayout,Unutilized Abstraction
eclipse.pde.ui-011101,org.eclipse.pde.internal.editor.manifest,FragmentManifestEditor,Unutilized Abstraction
eclipse.pde.ui-011101,org.eclipse.pde.internal.editor.manifest,JarsSection,Deficient Encapsulation
eclipse.pde.ui-011101,org.eclipse.pde.internal.editor.manifest,JarsSection,Insufficient Modularization
eclipse.pde.ui-011101,org.eclipse.pde.internal.editor.manifest,NameModifier,Unutilized Abstraction
eclipse.pde.ui-011101,org.eclipse.pde.internal.editor.manifest,TableContentProvider,Unutilized Abstraction
eclipse.pde.ui-011101,org.eclipse.pde.internal.editor.manifest,TableLabelProvider,Unutilized Abstraction
eclipse.pde.ui-011101,org.eclipse.pde.internal.editor.manifest,JavaAttributeCellEditor,Unutilized Abstraction
eclipse.pde.ui-011101,org.eclipse.pde.internal.editor.manifest,JavaAttributeValue,Broken Hierarchy
eclipse.pde.ui-011101,org.eclipse.pde.internal.editor.manifest,JavaAttributeWizardPage,Deficient Encapsulation
eclipse.pde.ui-011101,org.eclipse.pde.internal.editor.manifest,LibrarySection,Deficient Encapsulation
eclipse.pde.ui-011101,org.eclipse.pde.internal.editor.manifest,LibrarySection,Insufficient Modularization
eclipse.pde.ui-011101,org.eclipse.pde.internal.editor.manifest,NameModifier,Unutilized Abstraction
eclipse.pde.ui-011101,org.eclipse.pde.internal.editor.manifest,TableContentProvider,Unutilized Abstraction
eclipse.pde.ui-011101,org.eclipse.pde.internal.editor.manifest,TableLabelProvider,Unutilized Abstraction
eclipse.pde.ui-011101,org.eclipse.pde.internal.editor.manifest,ManifestEditor,Deficient Encapsulation
eclipse.pde.ui-011101,org.eclipse.pde.internal.editor.manifest,ManifestEditor,Cyclic-Dependent Modularization
eclipse.pde.ui-011101,org.eclipse.pde.internal.editor.manifest,ManifestEditorContributor,Unutilized Abstraction
eclipse.pde.ui-011101,org.eclipse.pde.internal.editor.manifest,ManifestForm,Unutilized Abstraction
eclipse.pde.ui-011101,org.eclipse.pde.internal.editor.manifest,ManifestFormOutlinePage,Unutilized Abstraction
eclipse.pde.ui-011101,org.eclipse.pde.internal.editor.manifest,ManifestFormOutlinePage,Missing Hierarchy
eclipse.pde.ui-011101,org.eclipse.pde.internal.editor.manifest,ContentProvider,Unutilized Abstraction
eclipse.pde.ui-011101,org.eclipse.pde.internal.editor.manifest,ContentProvider,Missing Hierarchy
eclipse.pde.ui-011101,org.eclipse.pde.internal.editor.manifest,OutlineLabelProvider,Unutilized Abstraction
eclipse.pde.ui-011101,org.eclipse.pde.internal.editor.manifest,ManifestFormPage,Cyclic-Dependent Modularization
eclipse.pde.ui-011101,org.eclipse.pde.internal.editor.manifest,ManifestPropertySheet,Unutilized Abstraction
eclipse.pde.ui-011101,org.eclipse.pde.internal.editor.manifest,ManifestPropertySheet,Deficient Encapsulation
eclipse.pde.ui-011101,org.eclipse.pde.internal.editor.manifest,ManifestPropertySheet,Unexploited Encapsulation
eclipse.pde.ui-011101,org.eclipse.pde.internal.editor.manifest,ManifestPropertySheet,Missing Hierarchy
eclipse.pde.ui-011101,org.eclipse.pde.internal.editor.manifest,ManifestPropertySource,Unutilized Abstraction
eclipse.pde.ui-011101,org.eclipse.pde.internal.editor.manifest,ManifestSourceOutlinePage,Unutilized Abstraction
eclipse.pde.ui-011101,org.eclipse.pde.internal.editor.manifest,ContentProvider,Unutilized Abstraction
eclipse.pde.ui-011101,org.eclipse.pde.internal.editor.manifest,ManifestSourcePage,Unutilized Abstraction
eclipse.pde.ui-011101,org.eclipse.pde.internal.editor.manifest,ManifestSourcePage,Deficient Encapsulation
eclipse.pde.ui-011101,org.eclipse.pde.internal.editor.manifest,NewElementAction,Unutilized Abstraction
eclipse.pde.ui-011101,org.eclipse.pde.internal.editor.manifest,NewElementAction,Deficient Encapsulation
eclipse.pde.ui-011101,org.eclipse.pde.internal.editor.manifest,NullMenuManager,Unutilized Abstraction
eclipse.pde.ui-011101,org.eclipse.pde.internal.editor.manifest,NullMenuManager,Insufficient Modularization
eclipse.pde.ui-011101,org.eclipse.pde.internal.editor.manifest,NullToolBarManager,Unutilized Abstraction
eclipse.pde.ui-011101,org.eclipse.pde.internal.editor.manifest,PluginAdapterFactory,Unutilized Abstraction
eclipse.pde.ui-011101,org.eclipse.pde.internal.editor.manifest,PluginListSection,Deficient Encapsulation
eclipse.pde.ui-011101,org.eclipse.pde.internal.editor.manifest,PluginListSection,Insufficient Modularization
eclipse.pde.ui-011101,org.eclipse.pde.internal.editor.manifest,PluginSpecSection,Deficient Encapsulation
eclipse.pde.ui-011101,org.eclipse.pde.internal.editor.manifest,PluginSpecSection,Insufficient Modularization
eclipse.pde.ui-011101,org.eclipse.pde.internal.editor.manifest,PointGraphSection,Deficient Encapsulation
eclipse.pde.ui-011101,org.eclipse.pde.internal.editor.manifest,PointGraphSection,Insufficient Modularization
eclipse.pde.ui-011101,org.eclipse.pde.internal.editor.manifest,ReferenceGraph,Unutilized Abstraction
eclipse.pde.ui-011101,org.eclipse.pde.internal.editor.manifest,BaseNode,Unutilized Abstraction
eclipse.pde.ui-011101,org.eclipse.pde.internal.editor.manifest,RootNode,Unutilized Abstraction
eclipse.pde.ui-011101,org.eclipse.pde.internal.editor.manifest,RootNode,Broken Hierarchy
eclipse.pde.ui-011101,org.eclipse.pde.internal.editor.manifest,PluginInfoNode,Unutilized Abstraction
eclipse.pde.ui-011101,org.eclipse.pde.internal.editor.manifest,PluginInfoNode,Broken Hierarchy
eclipse.pde.ui-011101,org.eclipse.pde.internal.editor.manifest,ReqGraphSection,Deficient Encapsulation
eclipse.pde.ui-011101,org.eclipse.pde.internal.editor.manifest,ReqGraphSection,Insufficient Modularization
eclipse.pde.ui-011101,org.eclipse.pde.internal.editor.manifest,BaseNode,Unutilized Abstraction
eclipse.pde.ui-011101,org.eclipse.pde.internal.editor.manifest,RootNode,Unutilized Abstraction
eclipse.pde.ui-011101,org.eclipse.pde.internal.editor.manifest,RootNode,Broken Hierarchy
eclipse.pde.ui-011101,org.eclipse.pde.internal.editor.manifest,PluginInfoNode,Unutilized Abstraction
eclipse.pde.ui-011101,org.eclipse.pde.internal.editor.manifest,UnresolvedNode,Unutilized Abstraction
eclipse.pde.ui-011101,org.eclipse.pde.internal.editor.manifest,RequiresSection,Deficient Encapsulation
eclipse.pde.ui-011101,org.eclipse.pde.internal.editor.manifest,ResourceAttributeCellEditor,Unutilized Abstraction
eclipse.pde.ui-011101,org.eclipse.pde.internal.editor.manifest,ResourceAttributeCellEditor,Deficient Encapsulation
eclipse.pde.ui-011101,org.eclipse.pde.internal.editor.manifest,RuntimeForm,Unutilized Abstraction
eclipse.pde.ui-011101,org.eclipse.pde.internal.editor.manifest,RuntimeForm,Deficient Encapsulation
eclipse.pde.ui-011101,org.eclipse.pde.internal.editor.manifest,RuntimeSection,Deficient Encapsulation
eclipse.pde.ui-011101,org.eclipse.pde.internal.editor.manifest,UnknownElementPropertySource,Unutilized Abstraction
eclipse.pde.ui-011101,org.eclipse.pde.internal.editor.manifest,UnknownElementPropertySource,Broken Hierarchy
eclipse.pde.ui-011101,org.eclipse.pde.internal.editor.schema,AttributePropertySource,Unutilized Abstraction
eclipse.pde.ui-011101,org.eclipse.pde.internal.editor.schema,AttributePropertySource,Deficient Encapsulation
eclipse.pde.ui-011101,org.eclipse.pde.internal.editor.schema,AttributePropertySource,Broken Hierarchy
eclipse.pde.ui-011101,org.eclipse.pde.internal.editor.schema,ValueValidator,Unutilized Abstraction
eclipse.pde.ui-011101,org.eclipse.pde.internal.editor.schema,CompositorPropertySource,Unutilized Abstraction
eclipse.pde.ui-011101,org.eclipse.pde.internal.editor.schema,CompositorPropertySource,Deficient Encapsulation
eclipse.pde.ui-011101,org.eclipse.pde.internal.editor.schema,DescriptionSection,Deficient Encapsulation
eclipse.pde.ui-011101,org.eclipse.pde.internal.editor.schema,DocForm,Unutilized Abstraction
eclipse.pde.ui-011101,org.eclipse.pde.internal.editor.schema,DocForm,Deficient Encapsulation
eclipse.pde.ui-011101,org.eclipse.pde.internal.editor.schema,DocSection,Deficient Encapsulation
eclipse.pde.ui-011101,org.eclipse.pde.internal.editor.schema,ElementPropertySource,Unutilized Abstraction
eclipse.pde.ui-011101,org.eclipse.pde.internal.editor.schema,ElementPropertySource,Deficient Encapsulation
eclipse.pde.ui-011101,org.eclipse.pde.internal.editor.schema,ElementPropertySource,Broken Hierarchy
eclipse.pde.ui-011101,org.eclipse.pde.internal.editor.schema,LabelAttributeValidator,Unutilized Abstraction
eclipse.pde.ui-011101,org.eclipse.pde.internal.editor.schema,ElementSection,Deficient Encapsulation
eclipse.pde.ui-011101,org.eclipse.pde.internal.editor.schema,ElementSection,Insufficient Modularization
eclipse.pde.ui-011101,org.eclipse.pde.internal.editor.schema,ElementLabelProvider,Unutilized Abstraction
eclipse.pde.ui-011101,org.eclipse.pde.internal.editor.schema,ContentProvider,Unutilized Abstraction
eclipse.pde.ui-011101,org.eclipse.pde.internal.editor.schema,EnumerationRestrictionPage,Unutilized Abstraction
eclipse.pde.ui-011101,org.eclipse.pde.internal.editor.schema,EnumerationRestrictionPage,Deficient Encapsulation
eclipse.pde.ui-011101,org.eclipse.pde.internal.editor.schema,GrammarPropertySource,Unutilized Abstraction
eclipse.pde.ui-011101,org.eclipse.pde.internal.editor.schema,GrammarPropertySource,Deficient Encapsulation
eclipse.pde.ui-011101,org.eclipse.pde.internal.editor.schema,GrammarPropertySource,Broken Hierarchy
eclipse.pde.ui-011101,org.eclipse.pde.internal.editor.schema,MinValidator,Unutilized Abstraction
eclipse.pde.ui-011101,org.eclipse.pde.internal.editor.schema,MaxValidator,Unutilized Abstraction
eclipse.pde.ui-011101,org.eclipse.pde.internal.editor.schema,GrammarSection,Deficient Encapsulation
eclipse.pde.ui-011101,org.eclipse.pde.internal.editor.schema,GrammarContentProvider,Unutilized Abstraction
eclipse.pde.ui-011101,org.eclipse.pde.internal.editor.schema,GrammarLabelProvider,Unutilized Abstraction
eclipse.pde.ui-011101,org.eclipse.pde.internal.editor.schema,ICloneablePropertySource,Unutilized Abstraction
eclipse.pde.ui-011101,org.eclipse.pde.internal.editor.schema,NewAttributeAction,Deficient Encapsulation
eclipse.pde.ui-011101,org.eclipse.pde.internal.editor.schema,NewCompositorAction,Unutilized Abstraction
eclipse.pde.ui-011101,org.eclipse.pde.internal.editor.schema,NewCompositorAction,Deficient Encapsulation
eclipse.pde.ui-011101,org.eclipse.pde.internal.editor.schema,NewElementAction,Deficient Encapsulation
eclipse.pde.ui-011101,org.eclipse.pde.internal.editor.schema,NewReferenceAction,Unutilized Abstraction
eclipse.pde.ui-011101,org.eclipse.pde.internal.editor.schema,NoRestrictionPage,Unutilized Abstraction
eclipse.pde.ui-011101,org.eclipse.pde.internal.editor.schema,SchemaAdapterFactory,Unutilized Abstraction
eclipse.pde.ui-011101,org.eclipse.pde.internal.editor.schema,SchemaContentProvider,Unutilized Abstraction
eclipse.pde.ui-011101,org.eclipse.pde.internal.editor.schema,SchemaDocPage,Deficient Encapsulation
eclipse.pde.ui-011101,org.eclipse.pde.internal.editor.schema,SchemaDoubleClickStrategy,Unutilized Abstraction
eclipse.pde.ui-011101,org.eclipse.pde.internal.editor.schema,SchemaEditor,Deficient Encapsulation
eclipse.pde.ui-011101,org.eclipse.pde.internal.editor.schema,SchemaEditorContributor,Unutilized Abstraction
eclipse.pde.ui-011101,org.eclipse.pde.internal.editor.schema,SchemaForm,Unutilized Abstraction
eclipse.pde.ui-011101,org.eclipse.pde.internal.editor.schema,SchemaFormOutlinePage,Unutilized Abstraction
eclipse.pde.ui-011101,org.eclipse.pde.internal.editor.schema,SchemaFormOutlinePage,Missing Hierarchy
eclipse.pde.ui-011101,org.eclipse.pde.internal.editor.schema,ContentProvider,Unutilized Abstraction
eclipse.pde.ui-011101,org.eclipse.pde.internal.editor.schema,ContentProvider,Missing Hierarchy
eclipse.pde.ui-011101,org.eclipse.pde.internal.editor.schema,OutlineLabelProvider,Unutilized Abstraction
eclipse.pde.ui-011101,org.eclipse.pde.internal.editor.schema,SchemaFormPage,Deficient Encapsulation
eclipse.pde.ui-011101,org.eclipse.pde.internal.editor.schema,SchemaObjectPropertySource,Unutilized Abstraction
eclipse.pde.ui-011101,org.eclipse.pde.internal.editor.schema,ComboProvider,Unutilized Abstraction
eclipse.pde.ui-011101,org.eclipse.pde.internal.editor.schema,SchemaPropertySheet,Unutilized Abstraction
eclipse.pde.ui-011101,org.eclipse.pde.internal.editor.schema,SchemaPropertySheet,Deficient Encapsulation
eclipse.pde.ui-011101,org.eclipse.pde.internal.editor.schema,SchemaSourceOutlinePage,Unutilized Abstraction
eclipse.pde.ui-011101,org.eclipse.pde.internal.editor.schema,SchemaSourcePage,Unutilized Abstraction
eclipse.pde.ui-011101,org.eclipse.pde.internal.editor.schema,SchemaSourcePage,Deficient Encapsulation
eclipse.pde.ui-011101,org.eclipse.pde.internal.editor.schema,TypeRestrictionCellEditor,Unutilized Abstraction
eclipse.pde.ui-011101,org.eclipse.pde.internal.editor.schema,TypeRestrictionDialog,Deficient Encapsulation
eclipse.pde.ui-011101,org.eclipse.pde.internal.editor.text,ColorManager,Unutilized Abstraction
eclipse.pde.ui-011101,org.eclipse.pde.internal.editor.text,IPDEColorConstants,Unnecessary Abstraction
eclipse.pde.ui-011101,org.eclipse.pde.internal.editor.text,IPDEColorConstants,Broken Modularization
eclipse.pde.ui-011101,org.eclipse.pde.internal.editor.text,PDECommentScanner,Unutilized Abstraction
eclipse.pde.ui-011101,org.eclipse.pde.internal.editor.text,PDEPartitionScanner,Unutilized Abstraction
eclipse.pde.ui-011101,org.eclipse.pde.internal.editor.text,PDEPartitionScanner,Deficient Encapsulation
eclipse.pde.ui-011101,org.eclipse.pde.internal.editor.text,PDEScanner,Unutilized Abstraction
eclipse.pde.ui-011101,org.eclipse.pde.internal.editor.text,PDETagScanner,Unutilized Abstraction
eclipse.pde.ui-011101,org.eclipse.pde.internal.editor.text,PDEWhitespaceDetector,Unutilized Abstraction
eclipse.pde.ui-011101,org.eclipse.pde.internal.editor.text,TagRule,Unutilized Abstraction
eclipse.pde.ui-011101,org.eclipse.pde.internal.elements,DefaultContentProvider,Unutilized Abstraction
eclipse.pde.ui-011101,org.eclipse.pde.internal.elements,DefaultElement,Unutilized Abstraction
eclipse.pde.ui-011101,org.eclipse.pde.internal.elements,ElementLabelProvider,Deficient Encapsulation
eclipse.pde.ui-011101,org.eclipse.pde.internal.elements,ElementList,Unutilized Abstraction
eclipse.pde.ui-011101,org.eclipse.pde.internal.elements,ListContentProvider,Unutilized Abstraction
eclipse.pde.ui-011101,org.eclipse.pde.internal.elements,ListContentProvider,Broken Hierarchy
eclipse.pde.ui-011101,org.eclipse.pde.internal.elements,NamedElement,Unutilized Abstraction
eclipse.pde.ui-011101,org.eclipse.pde.internal.elements,TreeContentProvider,Unutilized Abstraction
eclipse.pde.ui-011101,org.eclipse.pde.internal.forms,CustomWorkbook,Unutilized Abstraction
eclipse.pde.ui-011101,org.eclipse.pde.internal.forms,Form,Unutilized Abstraction
eclipse.pde.ui-011101,org.eclipse.pde.internal.forms,Form,Insufficient Modularization
eclipse.pde.ui-011101,org.eclipse.pde.internal.forms,FormLayout,Unutilized Abstraction
eclipse.pde.ui-011101,org.eclipse.pde.internal.forms,FormButton,Unutilized Abstraction
eclipse.pde.ui-011101,org.eclipse.pde.internal.forms,FormSection,Deficient Encapsulation
eclipse.pde.ui-011101,org.eclipse.pde.internal.forms,FormSection,Cyclic-Dependent Modularization
eclipse.pde.ui-011101,org.eclipse.pde.internal.forms,FormSection,Insufficient Modularization
eclipse.pde.ui-011101,org.eclipse.pde.internal.forms,SectionLayout,Unutilized Abstraction
eclipse.pde.ui-011101,org.eclipse.pde.internal.forms,FormText,Cyclic-Dependent Modularization
eclipse.pde.ui-011101,org.eclipse.pde.internal.forms,FormWidgetFactory,Deficient Encapsulation
eclipse.pde.ui-011101,org.eclipse.pde.internal.forms,FormWidgetFactory,Cyclic-Dependent Modularization
eclipse.pde.ui-011101,org.eclipse.pde.internal.forms,FormWidgetFactory,Insufficient Modularization
eclipse.pde.ui-011101,org.eclipse.pde.internal.forms,BorderPainter,Unutilized Abstraction
eclipse.pde.ui-011101,org.eclipse.pde.internal.forms,HyperlinkAdapter,Unutilized Abstraction
eclipse.pde.ui-011101,org.eclipse.pde.internal.forms,HyperlinkHandler,Deficient Encapsulation
eclipse.pde.ui-011101,org.eclipse.pde.internal.forms,HyperlinkHandler,Insufficient Modularization
eclipse.pde.ui-011101,org.eclipse.pde.internal.forms,IFormTextListener,Cyclic-Dependent Modularization
eclipse.pde.ui-011101,org.eclipse.pde.internal.forms,IFormWorkbook,Unutilized Abstraction
eclipse.pde.ui-011101,org.eclipse.pde.internal.forms,ScrollableForm,Unutilized Abstraction
eclipse.pde.ui-011101,org.eclipse.pde.internal.forms,SectionChangeManager,Cyclic-Dependent Modularization
eclipse.pde.ui-011101,org.eclipse.pde.internal.launcher,WorkbenchLauncher,Insufficient Modularization
eclipse.pde.ui-011101,org.eclipse.pde.internal.launcher,MainTypeAdaptable,Unutilized Abstraction
eclipse.pde.ui-011101,org.eclipse.pde.internal.model,AbstractModel,Unutilized Abstraction
eclipse.pde.ui-011101,org.eclipse.pde.internal.model,AbstractPluginModelBase,Unutilized Abstraction
eclipse.pde.ui-011101,org.eclipse.pde.internal.model,AbstractPluginModelBase,Deficient Encapsulation
eclipse.pde.ui-011101,org.eclipse.pde.internal.model,AbstractPluginModelBase,Broken Hierarchy
eclipse.pde.ui-011101,org.eclipse.pde.internal.model,ExternalFragmentModel,Unutilized Abstraction
eclipse.pde.ui-011101,org.eclipse.pde.internal.model,ExternalFragmentModel,Broken Hierarchy
eclipse.pde.ui-011101,org.eclipse.pde.internal.model,ExternalPluginModel,Unutilized Abstraction
eclipse.pde.ui-011101,org.eclipse.pde.internal.model,ExternalPluginModel,Broken Hierarchy
eclipse.pde.ui-011101,org.eclipse.pde.internal.model,ExternalPluginModelBase,Unutilized Abstraction
eclipse.pde.ui-011101,org.eclipse.pde.internal.model,IdentifiablePluginObject,Unutilized Abstraction
eclipse.pde.ui-011101,org.eclipse.pde.internal.model,IdentifiablePluginObject,Broken Hierarchy
eclipse.pde.ui-011101,org.eclipse.pde.internal.model,NLResourceHelper,Deficient Encapsulation
eclipse.pde.ui-011101,org.eclipse.pde.internal.model,PluginAttribute,Unutilized Abstraction
eclipse.pde.ui-011101,org.eclipse.pde.internal.model,PluginAttribute,Broken Hierarchy
eclipse.pde.ui-011101,org.eclipse.pde.internal.model,PluginBase,Unutilized Abstraction
eclipse.pde.ui-011101,org.eclipse.pde.internal.model,PluginBase,Broken Hierarchy
eclipse.pde.ui-011101,org.eclipse.pde.internal.model,PluginElement,Unutilized Abstraction
eclipse.pde.ui-011101,org.eclipse.pde.internal.model,PluginElement,Broken Hierarchy
eclipse.pde.ui-011101,org.eclipse.pde.internal.model,PluginExtension,Unutilized Abstraction
eclipse.pde.ui-011101,org.eclipse.pde.internal.model,PluginExtension,Broken Hierarchy
eclipse.pde.ui-011101,org.eclipse.pde.internal.model,PluginExtensionPoint,Unutilized Abstraction
eclipse.pde.ui-011101,org.eclipse.pde.internal.model,PluginExtensionPoint,Broken Hierarchy
eclipse.pde.ui-011101,org.eclipse.pde.internal.model,PluginImport,Unutilized Abstraction
eclipse.pde.ui-011101,org.eclipse.pde.internal.model,PluginImport,Broken Hierarchy
eclipse.pde.ui-011101,org.eclipse.pde.internal.model,PluginLibrary,Unutilized Abstraction
eclipse.pde.ui-011101,org.eclipse.pde.internal.model,PluginLibrary,Broken Hierarchy
eclipse.pde.ui-011101,org.eclipse.pde.internal.model,PluginObject,Unutilized Abstraction
eclipse.pde.ui-011101,org.eclipse.pde.internal.model,PluginParent,Unutilized Abstraction
eclipse.pde.ui-011101,org.eclipse.pde.internal.model,PluginParent,Broken Hierarchy
eclipse.pde.ui-011101,org.eclipse.pde.internal.model,RuntimeLibrary,Unutilized Abstraction
eclipse.pde.ui-011101,org.eclipse.pde.internal.model,RuntimeLibrary,Deficient Encapsulation
eclipse.pde.ui-011101,org.eclipse.pde.internal.model,RuntimeLibrary,Broken Hierarchy
eclipse.pde.ui-011101,org.eclipse.pde.internal.model,WorkspaceFragmentModel,Broken Hierarchy
eclipse.pde.ui-011101,org.eclipse.pde.internal.model,WorkspacePluginModel,Broken Hierarchy
eclipse.pde.ui-011101,org.eclipse.pde.internal.model,WorkspacePluginModelBase,Unutilized Abstraction
eclipse.pde.ui-011101,org.eclipse.pde.internal.model.build,Build,Unutilized Abstraction
eclipse.pde.ui-011101,org.eclipse.pde.internal.model.build,Build,Broken Hierarchy
eclipse.pde.ui-011101,org.eclipse.pde.internal.model.build,BuildEntry,Unutilized Abstraction
eclipse.pde.ui-011101,org.eclipse.pde.internal.model.build,BuildEntry,Broken Hierarchy
eclipse.pde.ui-011101,org.eclipse.pde.internal.model.build,BuildModel,Unutilized Abstraction
eclipse.pde.ui-011101,org.eclipse.pde.internal.model.build,BuildModel,Deficient Encapsulation
eclipse.pde.ui-011101,org.eclipse.pde.internal.model.build,BuildObject,Unutilized Abstraction
eclipse.pde.ui-011101,org.eclipse.pde.internal.model.build,ExternalBuildModel,Unutilized Abstraction
eclipse.pde.ui-011101,org.eclipse.pde.internal.model.build,WorkspaceBuildModel,Unutilized Abstraction
eclipse.pde.ui-011101,org.eclipse.pde.internal.model.component,AbstractComponentModel,Unutilized Abstraction
eclipse.pde.ui-011101,org.eclipse.pde.internal.model.component,Component,Unutilized Abstraction
eclipse.pde.ui-011101,org.eclipse.pde.internal.model.component,ComponentFactory,Unutilized Abstraction
eclipse.pde.ui-011101,org.eclipse.pde.internal.model.component,ComponentFragment,Unutilized Abstraction
eclipse.pde.ui-011101,org.eclipse.pde.internal.model.component,ComponentFragment,Broken Hierarchy
eclipse.pde.ui-011101,org.eclipse.pde.internal.model.component,ComponentObject,Unutilized Abstraction
eclipse.pde.ui-011101,org.eclipse.pde.internal.model.component,ComponentPlugin,Unutilized Abstraction
eclipse.pde.ui-011101,org.eclipse.pde.internal.model.component,ComponentPlugin,Broken Hierarchy
eclipse.pde.ui-011101,org.eclipse.pde.internal.model.component,ComponentReference,Unutilized Abstraction
eclipse.pde.ui-011101,org.eclipse.pde.internal.model.component,ComponentReference,Broken Hierarchy
eclipse.pde.ui-011101,org.eclipse.pde.internal.model.component,ComponentURL,Unutilized Abstraction
eclipse.pde.ui-011101,org.eclipse.pde.internal.model.component,ComponentURLElement,Unutilized Abstraction
eclipse.pde.ui-011101,org.eclipse.pde.internal.model.component,WorkspaceComponentModel,Unutilized Abstraction
eclipse.pde.ui-011101,org.eclipse.pde.internal.model.jars,ExternalJarsModel,Unutilized Abstraction
eclipse.pde.ui-011101,org.eclipse.pde.internal.model.jars,JarEntry,Unutilized Abstraction
eclipse.pde.ui-011101,org.eclipse.pde.internal.model.jars,JarEntry,Broken Hierarchy
eclipse.pde.ui-011101,org.eclipse.pde.internal.model.jars,Jars,Unutilized Abstraction
eclipse.pde.ui-011101,org.eclipse.pde.internal.model.jars,Jars,Broken Hierarchy
eclipse.pde.ui-011101,org.eclipse.pde.internal.model.jars,JarsModel,Unutilized Abstraction
eclipse.pde.ui-011101,org.eclipse.pde.internal.model.jars,JarsModel,Deficient Encapsulation
eclipse.pde.ui-011101,org.eclipse.pde.internal.model.jars,JarsObject,Unutilized Abstraction
eclipse.pde.ui-011101,org.eclipse.pde.internal.model.jars,WorkspaceJarsModel,Unutilized Abstraction
eclipse.pde.ui-011101,org.eclipse.pde.internal.preferences,AdvancedTracingPreferencePage,Unutilized Abstraction
eclipse.pde.ui-011101,org.eclipse.pde.internal.preferences,AdvancedTracingPreferencePage,Deficient Encapsulation
eclipse.pde.ui-011101,org.eclipse.pde.internal.preferences,PluginLabelProvider,Unutilized Abstraction
eclipse.pde.ui-011101,org.eclipse.pde.internal.preferences,PluginContentProvider,Unutilized Abstraction
eclipse.pde.ui-011101,org.eclipse.pde.internal.preferences,BuildpathPreferencePage,Deficient Encapsulation
eclipse.pde.ui-011101,org.eclipse.pde.internal.preferences,ExternalPluginsBlock,Deficient Encapsulation
eclipse.pde.ui-011101,org.eclipse.pde.internal.preferences,ExternalPluginsBlock,Cyclic-Dependent Modularization
eclipse.pde.ui-011101,org.eclipse.pde.internal.preferences,PluginContentProvider,Unutilized Abstraction
eclipse.pde.ui-011101,org.eclipse.pde.internal.preferences,PluginLabelProvider,Unutilized Abstraction
eclipse.pde.ui-011101,org.eclipse.pde.internal.preferences,ExternalPluginsEditor,Cyclic-Dependent Modularization
eclipse.pde.ui-011101,org.eclipse.pde.internal.preferences,ExternalPluginsWizard,Unutilized Abstraction
eclipse.pde.ui-011101,org.eclipse.pde.internal.preferences,ExternalPluginsWizardPage,Deficient Encapsulation
eclipse.pde.ui-011101,org.eclipse.pde.internal.preferences,PDEBasePreferencePage,Unutilized Abstraction
eclipse.pde.ui-011101,org.eclipse.pde.internal.preferences,PDEBasePreferencePage,Deficient Encapsulation
eclipse.pde.ui-011101,org.eclipse.pde.internal.preferences,ModifiedDirectoryFieldEditor,Unutilized Abstraction
eclipse.pde.ui-011101,org.eclipse.pde.internal.preferences,RuntimeTracingPreferencePage,Unutilized Abstraction
eclipse.pde.ui-011101,org.eclipse.pde.internal.preferences,RuntimeTracingPreferencePage,Deficient Encapsulation
eclipse.pde.ui-011101,org.eclipse.pde.internal.preferences,StringFieldEditorWithSpace,Unutilized Abstraction
eclipse.pde.ui-011101,org.eclipse.pde.internal.preferences,BooleanLabelProvider,Unutilized Abstraction
eclipse.pde.ui-011101,org.eclipse.pde.internal.schema,ChoiceRestriction,Deficient Encapsulation
eclipse.pde.ui-011101,org.eclipse.pde.internal.schema,DocumentSection,Broken Hierarchy
eclipse.pde.ui-011101,org.eclipse.pde.internal.schema,DocumentSection,Cyclic-Dependent Modularization
eclipse.pde.ui-011101,org.eclipse.pde.internal.schema,EditableSchema,Unutilized Abstraction
eclipse.pde.ui-011101,org.eclipse.pde.internal.schema,ExtensionPointSchemaDescriptor,Broken Hierarchy
eclipse.pde.ui-011101,org.eclipse.pde.internal.schema,FileSchemaDescriptor,Broken Hierarchy
eclipse.pde.ui-011101,org.eclipse.pde.internal.schema,MappedSchemaDescriptor,Deficient Encapsulation
eclipse.pde.ui-011101,org.eclipse.pde.internal.schema,MappedSchemaDescriptor,Broken Hierarchy
eclipse.pde.ui-011101,org.eclipse.pde.internal.schema,RepeatableSchemaObject,Unutilized Abstraction
eclipse.pde.ui-011101,org.eclipse.pde.internal.schema,RepeatableSchemaObject,Deficient Encapsulation
eclipse.pde.ui-011101,org.eclipse.pde.internal.schema,RepeatableSchemaObject,Broken Hierarchy
eclipse.pde.ui-011101,org.eclipse.pde.internal.schema,Schema,Deficient Encapsulation
eclipse.pde.ui-011101,org.eclipse.pde.internal.schema,Schema,Cyclic-Dependent Modularization
eclipse.pde.ui-011101,org.eclipse.pde.internal.schema,Schema,Insufficient Modularization
eclipse.pde.ui-011101,org.eclipse.pde.internal.schema,SchemaAttribute,Deficient Encapsulation
eclipse.pde.ui-011101,org.eclipse.pde.internal.schema,SchemaAttribute,Broken Hierarchy
eclipse.pde.ui-011101,org.eclipse.pde.internal.schema,SchemaAttribute,Cyclic-Dependent Modularization
eclipse.pde.ui-011101,org.eclipse.pde.internal.schema,SchemaComplexType,Unutilized Abstraction
eclipse.pde.ui-011101,org.eclipse.pde.internal.schema,SchemaComplexType,Deficient Encapsulation
eclipse.pde.ui-011101,org.eclipse.pde.internal.schema,SchemaComplexType,Broken Hierarchy
eclipse.pde.ui-011101,org.eclipse.pde.internal.schema,SchemaComplexType,Cyclic-Dependent Modularization
eclipse.pde.ui-011101,org.eclipse.pde.internal.schema,SchemaCompositor,Unutilized Abstraction
eclipse.pde.ui-011101,org.eclipse.pde.internal.schema,SchemaCompositor,Deficient Encapsulation
eclipse.pde.ui-011101,org.eclipse.pde.internal.schema,SchemaCompositor,Broken Hierarchy
eclipse.pde.ui-011101,org.eclipse.pde.internal.schema,SchemaCompositor,Cyclic-Dependent Modularization
eclipse.pde.ui-011101,org.eclipse.pde.internal.schema,SchemaElement,Unutilized Abstraction
eclipse.pde.ui-011101,org.eclipse.pde.internal.schema,SchemaElement,Deficient Encapsulation
eclipse.pde.ui-011101,org.eclipse.pde.internal.schema,SchemaElement,Unexploited Encapsulation
eclipse.pde.ui-011101,org.eclipse.pde.internal.schema,SchemaElement,Broken Hierarchy
eclipse.pde.ui-011101,org.eclipse.pde.internal.schema,SchemaElement,Missing Hierarchy
eclipse.pde.ui-011101,org.eclipse.pde.internal.schema,SchemaElement,Cyclic-Dependent Modularization
eclipse.pde.ui-011101,org.eclipse.pde.internal.schema,SchemaElementReference,Deficient Encapsulation
eclipse.pde.ui-011101,org.eclipse.pde.internal.schema,SchemaElementReference,Insufficient Modularization
eclipse.pde.ui-011101,org.eclipse.pde.internal.schema,SchemaEnumeration,Unutilized Abstraction
eclipse.pde.ui-011101,org.eclipse.pde.internal.schema,SchemaEnumeration,Broken Hierarchy
eclipse.pde.ui-011101,org.eclipse.pde.internal.schema,SchemaRegistry,Unutilized Abstraction
eclipse.pde.ui-011101,org.eclipse.pde.internal.schema,SchemaRegistry,Deficient Encapsulation
eclipse.pde.ui-011101,org.eclipse.pde.internal.schema,SchemaSimpleType,Unutilized Abstraction
eclipse.pde.ui-011101,org.eclipse.pde.internal.schema,SchemaSimpleType,Deficient Encapsulation
eclipse.pde.ui-011101,org.eclipse.pde.internal.schema,SchemaSimpleType,Broken Hierarchy
eclipse.pde.ui-011101,org.eclipse.pde.internal.schema,SchemaSimpleType,Cyclic-Dependent Modularization
eclipse.pde.ui-011101,org.eclipse.pde.internal.schema,SchemaType,Unutilized Abstraction
eclipse.pde.ui-011101,org.eclipse.pde.internal.wizards,Category,Unutilized Abstraction
eclipse.pde.ui-011101,org.eclipse.pde.internal.wizards,Category,Deficient Encapsulation
eclipse.pde.ui-011101,org.eclipse.pde.internal.wizards,ListUtil,Deficient Encapsulation
eclipse.pde.ui-011101,org.eclipse.pde.internal.wizards,NameSorter,Unutilized Abstraction
eclipse.pde.ui-011101,org.eclipse.pde.internal.wizards,TableLabelProvider,Unutilized Abstraction
eclipse.pde.ui-011101,org.eclipse.pde.internal.wizards,NewWizard,Unutilized Abstraction
eclipse.pde.ui-011101,org.eclipse.pde.internal.wizards,PluginPathUpdater,Deficient Encapsulation
eclipse.pde.ui-011101,org.eclipse.pde.internal.wizards,WizardCollectionElement,Deficient Encapsulation
eclipse.pde.ui-011101,org.eclipse.pde.internal.wizards,WizardCollectionSorter,Unutilized Abstraction
eclipse.pde.ui-011101,org.eclipse.pde.internal.wizards,WizardElement,Deficient Encapsulation
eclipse.pde.ui-011101,org.eclipse.pde.internal.wizards,WizardListSelectionPage,Unutilized Abstraction
eclipse.pde.ui-011101,org.eclipse.pde.internal.wizards,WizardListSelectionPage,Broken Hierarchy
eclipse.pde.ui-011101,org.eclipse.pde.internal.wizards,WizardNode,Unutilized Abstraction
eclipse.pde.ui-011101,org.eclipse.pde.internal.wizards,WizardNode,Deficient Encapsulation
eclipse.pde.ui-011101,org.eclipse.pde.internal.wizards,WizardTreeSelectionPage,Unutilized Abstraction
eclipse.pde.ui-011101,org.eclipse.pde.internal.wizards,WizardTreeSelectionPage,Broken Hierarchy
eclipse.pde.ui-011101,org.eclipse.pde.internal.wizards.extension,BaseExtensionPointMainPage,Unutilized Abstraction
eclipse.pde.ui-011101,org.eclipse.pde.internal.wizards.extension,BaseExtensionPointMainPage,Deficient Encapsulation
eclipse.pde.ui-011101,org.eclipse.pde.internal.wizards.extension,GenericExtensionWizard,Unutilized Abstraction
eclipse.pde.ui-011101,org.eclipse.pde.internal.wizards.extension,NewExtensionMainPage,Deficient Encapsulation
eclipse.pde.ui-011101,org.eclipse.pde.internal.wizards.extension,NewExtensionPointMainPage,Unutilized Abstraction
eclipse.pde.ui-011101,org.eclipse.pde.internal.wizards.extension,NewExtensionPointMainPage,Deficient Encapsulation
eclipse.pde.ui-011101,org.eclipse.pde.internal.wizards.extension,NewExtensionPointWizard,Unutilized Abstraction
eclipse.pde.ui-011101,org.eclipse.pde.internal.wizards.extension,NewExtensionRegistryReader,Deficient Encapsulation
eclipse.pde.ui-011101,org.eclipse.pde.internal.wizards.extension,NewExtensionWizard,Unutilized Abstraction
eclipse.pde.ui-011101,org.eclipse.pde.internal.wizards.extension,NewExtensionWizard,Deficient Encapsulation
eclipse.pde.ui-011101,org.eclipse.pde.internal.wizards.extension,NewSchemaFileMainPage,Unutilized Abstraction
eclipse.pde.ui-011101,org.eclipse.pde.internal.wizards.extension,NewSchemaFileMainPage,Deficient Encapsulation
eclipse.pde.ui-011101,org.eclipse.pde.internal.wizards.extension,NewSchemaFileMainPage,Broken Hierarchy
eclipse.pde.ui-011101,org.eclipse.pde.internal.wizards.extension,NewSchemaFileWizard,Unutilized Abstraction
eclipse.pde.ui-011101,org.eclipse.pde.internal.wizards.extension,NameSorter,Unutilized Abstraction
eclipse.pde.ui-011101,org.eclipse.pde.internal.wizards.extension,ContentProvider,Unutilized Abstraction
eclipse.pde.ui-011101,org.eclipse.pde.internal.wizards.extension,PointLabelProvider,Unutilized Abstraction
eclipse.pde.ui-011101,org.eclipse.pde.internal.wizards.project,ConvertJavaToPDEProjectAction,Unutilized Abstraction
eclipse.pde.ui-011101,org.eclipse.pde.internal.wizards.project,ConvertJavaToPDEProjectAction,Deficient Encapsulation
eclipse.pde.ui-011101,org.eclipse.pde.internal.wizards.project,ConvertedProjectWizard,Unutilized Abstraction
eclipse.pde.ui-011101,org.eclipse.pde.internal.wizards.project,ConvertedProjectsPage,Deficient Encapsulation
eclipse.pde.ui-011101,org.eclipse.pde.internal.wizards.project,ProjectContentProvider,Unutilized Abstraction
eclipse.pde.ui-011101,org.eclipse.pde.internal.wizards.project,ProjectLabelProvider,Unutilized Abstraction
eclipse.pde.ui-011101,org.eclipse.pde.internal.wizards.project,DefaultCodeGenerationPage,Insufficient Modularization
eclipse.pde.ui-011101,org.eclipse.pde.internal.wizards.project,FieldData,Broken Modularization
eclipse.pde.ui-011101,org.eclipse.pde.internal.wizards.project,NewFragmentProjectWizard,Unutilized Abstraction
eclipse.pde.ui-011101,org.eclipse.pde.internal.wizards.project,NewProjectWizard,Unutilized Abstraction
eclipse.pde.ui-011101,org.eclipse.pde.internal.wizards.project,NewProjectWizard,Deficient Encapsulation
eclipse.pde.ui-011101,org.eclipse.pde.internal.wizards.project,PluginClassCodeGenerator,Deficient Encapsulation
eclipse.pde.ui-011101,org.eclipse.pde.internal.wizards.project,PluginCodeGeneratorWizard,Unutilized Abstraction
eclipse.pde.ui-011101,org.eclipse.pde.internal.wizards.project,PluginSelectionDialog,Deficient Encapsulation
eclipse.pde.ui-011101,org.eclipse.pde.internal.wizards.project,PluginLabelProvider,Unutilized Abstraction
eclipse.pde.ui-011101,org.eclipse.pde.internal.wizards.project,PluginContentProvider,Unutilized Abstraction
eclipse.pde.ui-011101,org.eclipse.pde.internal.wizards.project,ProjectCodeGeneratorsPage,Deficient Encapsulation
eclipse.pde.ui-011101,org.eclipse.pde.internal.wizards.project,StructureData,Unutilized Abstraction
eclipse.pde.ui-011101,org.eclipse.pde.internal.wizards.project,WizardIdProjectCreationPage,Unutilized Abstraction
eclipse.pde.ui-011101,org.eclipse.pde.internal.wizards.project,WizardIdProjectCreationPage,Deficient Encapsulation
